max_background_compactions,max_background_flushes,write_buffer_size,max_write_buffer_number,min_write_buffer_number_to_merge,max_bytes_for_level_multiplier,block_size,level0_file_num_compaction_trigger,level0_slowdown_writes_trigger,level0_stop_writes_trigger,target_file_size_multiplier,target_file_size_base,ops_per_sec,micros_per_op
8,1,651120231,8,3,13,58349,15,19,2,3,99191329,55049,18.165
1,6,577035471,4,2,9,91584,14,2,30,8,102631119,63507,15.746
4,2,215482972,2,3,13,45949,9,13,28,8,118162398,58737,17.024
8,1,935839223,2,2,5,28654,6,12,7,5,44850557,47674,20.975
8,3,766347314,2,5,13,72410,10,3,3,6,101178132,57008,17.541
3,8,105830418,2,2,4,123814,12,8,4,1,114788568,58781,17.012
1,8,898505566,8,2,4,95167,8,14,29,1,73672775,64976,15.39
6,6,775585708,7,4,9,120176,6,29,22,7,114164276,53125,18.823
4,8,67527650,2,3,7,61472,7,8,11,2,93456742,46457,21.524
2,1,695959821,8,3,16,32277,10,15,11,3,51327012,61325,16.306
3,5,673889874,4,2,16,126182,11,3,14,6,122374867,58546,17.08
5,3,329828595,6,3,16,59682,2,8,11,8,110590013,62337,16.041
3,7,645757469,8,4,10,100545,7,32,17,8,108399357,69823,14.321
3,1,658255054,6,5,7,39636,15,15,18,7,126423229,60584,16.505
2,8,383477476,6,4,9,108545,12,2,25,7,125810325,56808,17.603
7,3,1023897254,2,1,16,109997,16,22,32,3,115686850,55606,17.983
3,3,369834102,3,4,4,18518,2,13,4,5,58367293,67029,14.918
7,5,924272102,6,2,6,10785,8,22,16,2,125122810,65079,15.366
3,3,764114649,5,1,16,51192,6,12,4,2,91057063,44305,22.57
4,7,754913501,6,2,8,6446,4,9,19,1,72473107,56679,17.642
4,6,756280992,8,3,15,80113,15,10,8,2,77465666,58592,17.066
6,3,625168420,8,3,4,111702,3,24,11,8,81627306,51999,19.231
4,5,992082931,7,1,11,113088,15,24,30,8,61182397,42247,23.669
5,5,226275991,7,4,6,21329,9,19,32,1,96474422,34172,29.262
5,3,372098823,5,1,15,119911,15,21,13,6,48466225,33636,29.729
6,7,736656974,3,1,8,61650,10,25,20,2,36403353,51235,19.517
2,3,59514413,4,1,11,115051,14,17,3,3,37725117,61679,16.212
5,2,84504191,6,3,7,46224,14,15,22,3,37713061,41270,24.23
2,7,39608251,5,5,15,59968,11,24,22,1,117431124,50756,19.701
2,7,429533549,5,2,15,22828,9,11,18,6,119976106,54395,18.383
3,2,892852826,3,4,11,102931,7,26,28,8,96033293,43530,22.971
1,3,426594970,4,3,10,111966,6,4,9,7,34655234,28572,34.998
5,4,579830207,7,5,6,22912,14,14,2,4,120557984,37878,26.4
5,3,557623938,7,5,4,110106,5,7,9,5,130144419,55278,18.09
3,6,240653672,4,5,6,87076,3,7,12,8,45363477,42672,23.434
5,6,337880441,2,4,10,48080,13,32,12,4,91758589,62753,15.935
2,4,508233111,6,2,16,108020,6,29,24,2,82227759,55612,17.981
7,2,1065922416,4,1,2,64125,4,15,23,2,84026963,39966,25.02
6,2,999403754,2,5,6,111389,13,25,29,7,127030169,58884,16.982
3,7,1001124048,3,1,7,53841,15,8,5,6,72959967,56455,17.713
5,4,106011019,4,5,16,23959,15,4,4,5,75740012,52496,19.048
5,5,148382087,5,5,7,8984,10,16,16,5,78720291,54390,18.385
3,7,938399172,8,4,11,120014,12,20,16,4,131417102,58335,17.142
6,3,45773717,3,2,6,80581,5,26,30,5,85543766,61250,16.325
2,7,205777924,3,5,5,31593,10,6,3,2,63827451,45802,21.832
4,4,423148777,7,1,8,73392,4,4,31,3,35559398,43128,23.186
4,3,629382978,7,2,15,50199,5,15,21,6,103636537,42215,23.688
8,3,800943805,3,4,2,101501,12,13,10,7,95107193,41411,24.147
5,6,169481014,8,4,4,8989,5,26,25,4,35663830,62584,15.978
1,6,320380594,2,5,13,100086,10,29,7,5,80144846,60634,16.492
8,4,60897774,7,4,8,15507,3,3,28,5,94869240,46019,21.729
6,7,702357267,3,5,5,59494,15,14,13,7,96489835,42616,23.465
5,4,41411434,8,1,8,49780,5,3,21,3,66596252,53046,18.851
5,7,702954785,6,2,15,100260,8,30,11,6,50665280,69651,14.356
3,1,733809556,8,4,15,19818,10,7,22,8,42835764,68262,14.649
2,1,123006586,6,5,10,112575,3,12,9,6,124366116,68628,14.571
1,7,194926102,6,1,8,67314,11,5,8,7,56718512,55476,18.025
6,8,613515113,4,3,12,23440,13,26,2,3,121159544,70207,14.243
4,3,590167197,8,3,10,66819,7,20,22,3,35064220,53788,18.591
8,6,627320016,4,2,9,82901,5,15,23,5,62447157,68802,14.534
4,4,969248887,7,4,10,35886,16,11,27,7,38834116,64445,15.516
4,5,976460345,4,4,12,17787,10,15,10,2,59142267,70087,14.267
5,5,756460610,5,2,6,37824,8,29,31,1,85960248,44683,22.379
3,1,44673149,3,2,7,97409,13,21,12,3,127680814,46153,21.667
3,3,360566356,8,4,11,23830,12,28,19,5,40154859,52766,18.951
1,7,406345038,8,1,2,106429,15,18,30,3,103444991,34070,29.35
2,7,310160727,6,2,10,61834,15,12,23,1,56501450,38755,25.802
3,5,500468976,8,5,15,112250,6,25,20,2,68234579,36986,27.036
1,2,540058074,3,1,16,60199,3,12,9,2,107290069,39872,25.079
3,6,678424523,4,4,10,93434,3,14,28,6,130858466,36661,27.276
5,7,274699981,2,1,4,63097,14,18,26,1,41968180,48928,20.437
1,6,735874190,2,1,12,20675,14,18,8,1,49471936,38502,25.972
7,5,609509710,7,2,3,34129,4,10,13,5,83199728,46594,21.461
7,7,507723257,5,4,7,11396,8,27,16,4,112092104,54744,18.266
1,1,790886204,5,5,9,85913,12,23,10,4,87932533,58095,17.212
7,4,255653948,3,2,16,45887,11,16,8,3,51497469,69556,14.376
3,4,487516586,5,1,16,89690,5,30,18,5,84494764,69423,14.404
1,8,596107790,3,4,6,97621,3,15,6,2,124963363,65998,15.152
2,2,853146897,6,1,2,72667,3,11,14,6,80697074,47592,21.011
4,4,107594758,8,1,8,16471,13,6,18,8,81425627,40731,24.55
2,7,562354100,8,3,12,44149,2,3,17,1,35525881,44667,22.387
3,4,263275907,2,4,5,119066,8,17,32,1,47563422,33185,30.132
4,1,650941493,6,4,3,79389,9,3,12,6,95675452,42203,23.694
6,7,767782193,7,5,6,102593,14,7,22,1,126162938,57859,17.283
6,3,926359419,4,5,5,43151,12,5,2,3,55286453,55437,18.038
6,6,59130613,7,5,8,32881,11,24,30,7,55622317,58320,17.146
6,2,23856007,8,4,12,87770,16,15,29,6,35675837,46999,21.276
8,2,894623037,3,5,3,112691,9,3,9,6,107919682,38916,25.695
1,2,112986107,5,3,7,68855,16,5,5,3,73909413,58949,16.963
3,5,949921580,7,5,3,45445,15,27,19,7,55351176,35331,28.303
4,5,931227066,8,2,12,35003,6,23,6,4,111356082,47715,20.957
1,4,608329460,5,1,2,30859,7,9,24,3,36324247,40737,24.547
3,6,453553977,5,2,5,38847,4,6,31,4,106159358,38980,25.653
7,4,104977721,8,3,14,31605,5,28,2,8,44408627,41941,23.842
6,3,183678844,7,1,16,86759,7,28,12,5,66735959,31806,31.439
3,5,128304368,3,3,4,50785,16,32,32,3,88248295,53809,18.583
7,5,978503408,8,2,2,99070,13,8,3,6,61635254,35751,27.97
5,8,620608271,7,2,16,121979,2,14,5,7,56673974,47707,20.96
2,8,689539528,8,5,7,71998,14,29,31,2,133995486,48038,20.816
5,2,521875151,3,5,11,91952,4,15,26,3,54257671,62894,15.899
3,7,846531041,7,4,8,16200,6,11,27,5,110708454,41332,24.193
7,5,1037032295,5,3,9,56450,3,10,10,3,97218428,48114,20.783
3,1,598007013,8,2,4,98797,3,2,8,5,60053732,51920,19.26
1,6,685159049,5,5,5,4976,11,24,24,5,90958924,62159,16.087
6,4,677701689,6,3,3,66961,3,28,22,5,72114540,66059,15.137
8,8,54441436,6,5,5,43504,12,15,17,2,80747704,61663,16.217
5,7,55479425,8,3,10,23063,15,3,18,7,122632080,65490,15.269
1,8,287125779,3,1,8,86341,14,21,31,1,73567353,67179,14.885
7,3,625085585,7,4,3,89093,15,25,6,2,57061734,50690,19.727
8,2,474749784,8,1,13,110919,5,6,3,4,74042284,53873,18.562
3,4,499819190,2,5,5,76119,3,13,8,1,45174670,28230,35.422
7,3,540228489,5,1,5,55370,5,27,5,1,129330968,35384,28.26
5,7,898163297,7,4,4,78518,10,14,25,7,69362079,38203,26.175
5,1,725128411,2,2,6,55982,16,14,9,2,100025386,29604,33.777
4,2,725840083,8,2,4,49486,6,19,22,3,77567323,42103,23.75
7,6,690993896,5,3,5,103457,6,31,24,7,94829561,29434,33.973
8,5,86332536,5,4,9,116550,6,25,4,6,117538883,27956,35.769
3,5,50062370,4,5,4,113069,11,19,25,6,54128367,30760,32.509
3,7,475080078,3,3,5,19714,10,5,2,6,45612513,61260,16.323
2,4,382581931,7,4,8,130017,15,11,26,5,54188097,56018,17.851
1,5,719163548,6,2,15,114036,4,7,29,1,86755741,58944,16.964
3,2,585127252,8,1,8,43444,8,12,23,1,107936341,50538,19.786
4,6,664713223,8,3,8,104751,10,6,10,8,102265978,46330,21.583
5,6,190938056,4,1,2,89123,2,11,12,7,120221886,34329,29.128
5,3,628356896,7,4,6,31224,5,32,19,1,66631249,37294,26.813
8,7,859976906,2,4,8,81086,13,22,6,4,68024458,37310,26.802
4,8,204388415,5,3,3,96177,6,12,24,3,90045958,31201,32.048
6,5,662486171,3,5,3,15904,8,24,26,7,66098833,50808,19.681
8,5,102154514,2,4,5,47325,11,13,12,1,115930271,40564,24.651
6,2,341836896,6,5,7,7494,11,13,10,7,51664519,42199,23.696
1,3,167610430,8,1,13,74912,8,19,20,1,75482576,43015,23.246
1,5,368888066,3,1,3,26906,9,4,29,1,107644577,36903,27.097
5,2,410159240,2,3,11,36315,6,31,15,4,122444082,28219,35.437
2,6,834662030,7,2,7,113737,16,25,10,4,48162403,48079,20.798
2,2,604469894,3,1,2,38344,10,19,14,7,115379136,41276,24.226
2,5,590228053,2,3,9,8877,15,20,29,8,99727052,48495,20.62
6,3,216701990,8,1,6,42727,15,14,31,6,68318117,45070,22.187
7,4,60470013,6,3,9,65911,11,16,11,4,123477118,44184,22.632
6,2,333288810,8,1,6,11783,13,14,8,4,122530844,65819,15.192
8,4,438081106,3,4,6,42026,15,21,9,3,79255786,45957,21.758
3,8,772114630,6,5,16,68196,15,19,12,5,133536484,60205,16.609
6,3,850227700,6,5,9,67843,15,2,3,2,57523017,64084,15.604
8,8,309607690,8,3,3,70390,5,11,5,5,71432291,47097,21.232
1,7,919448633,7,1,14,79079,16,7,21,3,93831178,44983,22.229
6,5,869661873,5,4,2,23647,9,31,23,4,56774298,50149,19.939
7,7,650088959,4,4,10,94248,14,27,23,4,124010220,45416,22.017
5,8,534537618,2,2,2,23354,9,13,25,1,58292134,32512,30.756
5,4,55871440,7,5,16,89442,7,5,12,2,88059952,43207,23.143
6,8,130371365,6,2,4,31542,11,22,4,8,40840476,34622,28.882
1,1,169597842,7,5,16,125277,11,26,10,5,102374614,38113,26.237
2,7,396475498,8,4,3,18803,13,16,23,3,56995365,62315,16.047
5,2,966904413,8,3,15,36776,14,12,2,1,53464009,52857,18.918
2,2,924430749,5,2,3,128723,14,23,29,2,92689005,49166,20.338
3,5,992227342,4,1,10,18650,7,23,29,5,90874979,39029,25.621
5,5,568067254,7,4,15,67171,11,24,18,6,82545904,49396,20.244
4,2,854394129,4,3,13,130082,15,11,27,3,35084388,46683,21.42
2,5,101665791,5,1,6,64218,6,22,31,2,53421268,35144,28.454
4,7,77100006,4,1,14,67855,5,8,7,8,83156247,27904,35.835
5,6,919802747,6,1,15,71494,2,2,17,1,41872456,45727,21.868
6,7,782864141,7,3,14,38702,7,10,31,2,57668488,41532,24.076
8,4,310677517,6,2,11,118989,12,7,32,7,66649841,59787,16.725
6,2,407092022,4,3,12,59245,14,28,4,8,91965190,58901,16.977
6,5,360423227,4,5,11,92628,12,2,26,7,119246230,32830,30.459
8,2,659839446,4,4,7,19036,5,7,29,3,92449949,26517,37.711
1,5,622286754,6,5,8,129659,6,26,13,4,119121896,54120,18.477
3,8,222134860,2,2,11,66209,13,25,30,8,60595556,47761,20.937
5,3,732263159,3,3,10,41038,13,27,18,7,56528067,43079,23.212
2,7,279837945,5,1,2,13219,6,22,8,7,133961569,56999,17.543
4,1,40843995,6,4,7,84452,10,4,19,4,55380739,51736,19.328
3,2,166661314,6,3,6,43618,12,14,30,4,44668870,32080,31.17
3,6,550281596,7,1,8,47844,6,4,3,5,46834405,27763,36.016
6,6,851992147,7,3,16,118709,8,29,27,5,111621517,59679,16.756
1,1,661488298,7,2,3,41931,9,26,11,4,125468357,54782,18.253
4,4,777402745,8,5,7,114124,9,24,11,4,96906083,66242,15.096
7,7,753476534,6,3,16,6114,14,16,13,7,42800810,64085,15.603
6,6,174308971,3,1,8,83425,12,28,16,4,51337568,47901,20.875
5,4,243637882,8,4,3,51369,6,22,24,1,80294952,58669,17.044
5,4,551715636,8,5,14,121543,12,15,15,8,83585351,56038,17.844
4,6,296049669,3,4,10,26724,6,6,19,2,102615730,66254,15.093
8,8,103722893,5,2,13,49860,11,3,27,7,88229514,67390,14.838
2,8,1022547480,2,5,6,92066,14,25,31,2,75763520,60268,16.592
4,5,261517741,8,2,9,95716,11,20,7,2,133597941,41718,23.968
8,8,979054184,8,5,3,82357,10,23,23,2,42148756,44833,22.304
6,3,274310468,6,3,11,124695,13,3,18,6,77455545,42732,23.401
6,8,332057667,8,3,14,68252,6,13,10,2,84351789,39263,25.468
8,1,215274944,4,3,8,5395,8,5,6,3,90290120,40645,24.602
8,6,536495571,5,1,10,10335,6,14,25,6,71132824,44747,22.346
7,3,626451198,6,4,12,103789,2,17,22,3,60267290,37865,26.409
5,3,538048961,7,2,2,11573,11,22,20,8,73017544,37831,26.432
6,8,822170288,5,3,4,82570,10,23,13,4,79245839,27119,36.872
7,2,310084293,8,3,16,17746,16,18,30,8,57058222,52263,19.133
6,2,84719055,6,5,4,82392,5,25,2,2,46995157,51341,19.477
1,4,156286587,6,4,6,16596,9,15,10,4,52164186,45958,21.758
2,2,380087471,5,3,16,21012,14,5,18,2,112028811,59486,16.81
6,6,326893223,5,3,7,56403,16,31,18,7,84411058,62512,15.996
2,6,240956355,2,5,2,61058,5,14,16,3,60316258,59181,16.896
5,1,614593797,8,4,15,68487,15,7,3,5,68869768,64786,15.435
3,3,200229282,2,3,2,58830,8,24,14,6,92933800,21483,46.546
2,6,94320453,6,1,5,72112,11,19,24,6,102448040,22734,43.985
3,7,670829007,8,4,16,34670,5,7,11,8,90644003,48570,20.588
4,6,375748115,8,4,2,59720,10,25,12,3,86261347,38985,25.649
8,1,503155049,7,3,10,71084,14,11,13,7,60510765,59381,16.839
2,3,593713401,3,4,2,98893,9,32,22,3,65228331,47983,20.84
2,3,238685488,4,5,3,109030,7,13,28,8,52373668,58660,17.047
5,7,849724139,6,5,5,78886,8,4,12,7,121179500,46654,21.434
6,1,1030570939,4,4,12,30212,15,29,29,2,71602513,56210,17.79
4,5,889053412,2,5,14,41753,12,18,32,3,66460313,59903,16.693
5,7,543582119,6,2,15,89430,4,11,32,1,70828451,40973,24.405
7,4,742095595,3,3,15,95775,5,14,16,6,89332755,27274,36.664
6,3,376189490,4,3,13,63405,10,21,15,5,124592274,26756,37.373
1,6,263557011,3,5,3,85605,15,27,17,2,82946248,51360,19.47
5,3,995609309,4,2,6,120982,3,4,21,7,57408150,55680,17.959
8,1,935940150,7,1,5,56342,7,7,25,7,128269943,19460,51.385
4,2,679982820,7,2,2,97986,12,29,14,8,116120991,30096,33.226
6,8,437241626,3,3,16,41121,16,30,10,5,35690250,31697,31.548
2,5,262495716,7,5,7,83388,10,10,29,4,120281729,25912,38.591
3,5,50923509,6,4,9,92680,3,7,28,6,38415669,12908,77.465
8,4,401429767,5,3,4,84684,12,13,9,5,64118216,7549,132.361
5,1,956198798,5,1,6,67617,2,14,17,6,49813357,29842,33.509
4,4,373869841,2,1,9,86991,6,22,23,2,52678553,40696,24.571
1,5,36257346,6,2,4,92333,3,22,32,7,126708492,38350,26.075
8,4,174674960,6,1,5,88037,10,20,3,2,51385364,35951,27.814
7,6,608845173,2,4,8,71532,9,26,29,2,46881886,15196,65.802
5,6,683956754,8,3,14,116646,14,3,2,8,103477905,62316,16.046
7,4,86536794,7,2,3,34152,4,29,7,1,65483639,22686,44.079
4,5,721176160,7,2,14,52021,10,21,8,7,56255898,24331,41.098
1,1,70461088,6,3,4,26963,12,16,5,5,39960477,16298,61.353
8,4,598101064,5,4,15,116645,5,21,27,7,73085681,28457,35.14
6,5,510571552,2,2,3,16507,14,18,9,3,122579146,21770,45.933
4,8,116950065,6,5,3,85751,15,9,13,4,35963970,20719,48.263
3,7,300158031,6,1,15,6953,7,22,3,1,128671266,27066,36.946
2,6,80030110,6,3,13,37948,11,19,32,3,122653916,37873,26.402
3,4,459499640,5,5,12,12061,7,13,26,1,71729115,42214,23.688
4,2,57631670,6,2,11,116429,5,16,24,2,42540932,36437,27.444
5,1,943162227,3,2,7,43855,16,14,27,4,94624413,28189,35.473
3,1,502154170,8,4,8,80463,13,16,18,7,36552504,22300,44.843
6,4,476477878,5,5,11,91398,4,22,16,6,111258336,49945,20.021
2,2,484616934,5,2,3,79262,10,19,28,3,86925634,26093,38.322
3,5,764626375,8,3,9,54219,3,25,20,1,35673128,19161,52.186
3,5,691424764,6,2,2,28395,12,22,25,3,87711672,37090,26.961
7,7,964745316,4,1,16,100585,7,7,26,7,78189698,19513,51.246
5,7,664538275,4,5,3,37791,10,12,14,4,65151199,26985,37.057
1,2,905903252,4,3,14,61300,2,5,3,5,125501701,36298,27.549
2,8,600442169,5,5,9,87727,9,25,30,7,102761007,18927,52.833
4,8,858555505,4,4,11,86712,11,28,17,6,62033075,18697,53.483
5,6,661731277,8,4,6,31809,6,9,27,8,77210706,25624,39.025
3,4,493938802,6,1,3,82965,5,2,16,5,83856693,23858,41.913
8,8,647435597,4,3,14,34893,12,30,28,7,115740380,18697,53.483
6,4,980006097,8,2,5,65476,5,8,2,2,126554068,21450,46.619
3,1,983452922,8,2,12,104692,9,22,32,6,57648833,18857,53.027
7,7,620992048,4,1,7,9959,12,14,4,8,106856671,17385,57.519
4,6,928392997,5,1,2,45654,8,27,20,1,72130700,31374,31.873
3,2,58128451,7,1,13,44741,16,14,14,5,84311279,33012,30.291
1,1,641297220,7,5,5,85665,10,28,19,2,123328713,34450,29.026
2,1,1071621077,4,3,15,75763,12,24,32,2,127601955,19657,50.871
4,1,670017341,3,1,10,34905,4,14,9,8,44829559,20873,47.907
4,4,493628383,3,5,7,114298,9,6,26,5,67300121,25617,39.035
6,1,110570619,3,2,12,90586,10,21,23,8,108784306,21791,45.889
8,5,1005903459,2,4,15,122570,15,5,21,2,44607835,22990,43.496
1,5,775482643,4,3,7,114104,9,31,10,4,107075797,29377,34.039
1,3,140633153,3,5,6,100669,11,5,27,6,82644050,27447,36.432
2,4,251142976,5,2,15,20942,8,2,24,1,80565402,21055,47.492
8,5,473884098,7,4,12,33386,9,17,29,7,131506885,25931,38.561
6,8,302945715,5,3,16,37529,13,2,22,5,77390398,28418,35.188
4,3,753305577,6,3,3,125137,11,26,29,2,123879425,22503,44.437
1,3,221102062,5,1,5,17173,2,14,24,1,93052777,28566,35.005
5,8,149916201,4,5,10,7423,8,24,28,1,86932608,25726,38.87
7,5,208486235,5,3,8,52958,11,32,22,8,49470043,18878,52.969
2,8,1027154854,4,5,9,53597,7,19,23,2,119086810,21998,45.457
8,3,892541442,6,2,16,48536,4,14,21,1,103445007,29877,33.469
3,1,309611297,7,3,14,18783,4,25,18,2,131385546,30793,32.473
7,5,384337700,4,4,10,103271,10,5,13,8,72943222,23625,42.327
8,5,724589787,3,3,7,87029,10,20,19,7,88284639,6746,148.226
4,2,787128456,4,5,8,85050,6,15,2,5,36888497,28986,34.497
3,3,338729604,3,1,4,13698,10,19,27,3,106586040,13281,75.291
8,7,336309206,2,3,3,125425,13,21,2,5,106435686,23838,41.948
6,2,488409252,5,2,4,78567,7,20,14,5,98054835,18688,53.509
5,3,799883181,6,2,6,94621,15,12,15,2,57997538,20567,48.618
2,8,304584776,6,5,16,45648,4,4,29,1,69239382,14244,70.199
8,4,142564889,2,5,2,95621,12,26,23,1,90208086,27477,36.392
2,2,487676015,6,2,8,56514,9,12,26,6,116104311,18649,53.619
4,7,155860138,3,2,9,23119,6,27,26,3,62349963,20618,48.499
3,2,883103874,4,2,13,90999,2,8,25,2,112428132,22159,45.125
8,1,224316413,3,1,7,108474,11,32,10,2,120199218,27488,36.378
3,2,307968796,5,4,10,13743,3,27,3,1,104436754,37276,26.825
6,5,789628670,8,3,11,41336,2,5,17,4,58104366,20889,47.869
4,6,646474970,3,5,8,82874,7,23,25,4,57326473,24405,40.974
5,5,902260353,7,2,8,61987,7,22,4,2,54046234,21157,47.262
7,6,579208902,4,3,4,97102,6,2,22,2,110271519,21779,45.915
5,8,222748182,3,5,9,61152,6,19,23,5,44923009,17055,58.631
8,8,722894899,8,3,2,127914,13,21,19,5,113620954,23384,42.763
5,4,575925431,3,1,11,10694,6,29,4,8,114421108,18864,53.008
8,2,529875210,6,2,12,85864,12,12,20,5,130626131,32094,31.158
1,4,88394755,5,2,16,114503,11,3,26,4,48411174,24939,40.095
5,7,60419062,4,2,12,82917,5,30,3,4,69459466,24521,40.78
1,5,673137084,4,1,6,9687,11,27,32,1,48426440,26325,37.984
1,4,336045011,3,4,4,68699,15,12,28,5,60716866,29592,33.792
1,5,760368564,4,1,11,20287,9,4,17,4,49422975,42693,23.422
6,8,62744777,6,3,3,40275,15,29,23,1,77876689,23788,42.037
4,3,847146843,6,2,11,46829,5,13,22,1,33942201,27840,35.918
7,7,839319119,3,1,11,50137,16,20,32,5,100263995,26196,38.172
3,1,659217751,7,3,10,26778,12,31,24,1,107489390,24936,40.1
4,1,990853040,3,1,12,98697,3,23,13,8,106549753,53397,18.727
8,5,1025900165,2,1,9,77213,4,28,5,8,34023917,31971,31.277
1,1,308479421,3,3,9,33748,15,14,28,6,121466705,25413,39.347
4,4,185651752,6,2,3,91733,4,23,24,4,84759400,33271,30.055
5,8,1051334963,3,1,10,58285,5,22,9,1,130600981,27493,36.371
5,2,306974311,2,5,15,117936,10,6,12,2,46119172,24583,40.677
5,5,510211314,4,2,16,35238,9,29,31,2,35882723,23511,42.53
3,6,464443249,6,4,14,110615,14,23,7,3,67012097,28083,35.607
3,1,749956218,5,1,15,92952,16,10,14,4,81857775,32138,31.115
1,4,567695104,7,2,15,37275,4,26,16,4,117682405,26226,38.128
1,8,288576975,3,2,15,92718,12,4,16,7,98695656,22664,44.121
8,5,953054289,7,1,11,88356,2,11,19,2,90825689,23748,42.106
8,7,886554543,3,1,7,20131,9,4,30,3,110108781,26204,38.16
4,8,901900777,3,3,15,130570,6,4,31,1,57476216,27391,36.507
1,6,710527808,5,4,12,85886,4,11,4,4,80203359,29519,33.875
3,8,871568512,7,3,16,74510,15,22,6,6,75112581,21919,45.621
5,1,49998626,2,1,3,59729,15,19,22,1,106505437,34293,29.159
5,1,976736989,8,4,8,112469,9,12,29,5,64509429,23065,43.353
1,4,912423669,7,4,8,39766,4,24,24,6,126562832,27298,36.63
3,6,238375284,2,4,5,86188,7,31,22,6,105647623,27562,36.281
2,4,216848746,4,4,13,50630,6,26,26,2,42949685,30840,32.424
1,6,468242727,4,5,7,88911,2,23,3,7,40502112,40282,24.824
6,5,40814016,4,1,9,95741,14,29,27,5,81772046,38411,26.033
3,8,1036056798,8,1,9,50018,15,12,7,3,123856309,41066,24.35
2,4,14355765,7,5,6,47022,11,12,15,2,89099401,33882,29.513
1,4,233681337,5,4,16,57099,8,2,14,3,129601512,28499,35.087
7,8,1072155282,6,3,7,10611,4,31,10,3,103489580,33515,29.836
2,2,1029168252,7,1,5,119888,8,7,25,5,78529469,36319,27.533
1,2,89783747,2,1,6,48317,5,32,24,3,99557851,24296,41.156
3,6,23942201,7,1,13,61768,13,14,3,6,57570262,24935,40.103
1,6,430780303,7,5,11,87389,5,31,14,1,81545112,26763,37.363
2,2,654072676,4,5,14,45227,11,17,20,2,93367159,25236,39.624
6,6,303785578,3,5,10,99167,6,19,31,8,93297190,22413,44.616
6,1,199859548,4,3,9,90593,8,3,17,6,128003521,25346,39.452
1,1,803610686,4,5,8,116384,5,20,18,4,125569300,47671,20.976
6,3,116679042,6,5,7,76203,9,23,22,7,94190503,53679,18.629
1,1,314828376,4,1,3,61810,14,25,3,5,43397155,31815,31.431
8,5,126663246,4,2,7,71661,16,9,24,1,125746370,46719,21.404
4,2,189062068,4,5,4,25425,12,16,12,6,78632245,26733,37.405
2,7,514539250,8,2,11,11576,16,29,18,1,53354868,30528,32.755
5,1,540367881,8,1,13,34155,16,24,31,1,132733575,63306,15.795
2,3,602929704,2,2,15,90371,12,32,17,4,71850640,25141,39.774
1,8,562986667,7,2,15,19427,2,5,27,4,83808667,42593,23.477
1,4,257607002,5,2,15,108201,12,16,19,8,61103762,44472,22.485
4,4,428059237,4,5,2,66713,13,11,31,7,49486816,49604,20.159
1,4,631908791,6,1,10,24461,4,12,13,3,48900612,30892,32.369
3,8,68900719,3,2,9,50568,14,12,11,8,39637229,46429,21.537
5,6,588472523,2,5,15,12851,11,21,22,7,76060748,38823,25.757
5,6,283357616,8,5,2,116980,13,26,8,5,53367622,22987,43.502
4,8,570229730,2,1,11,76410,15,31,2,4,113098935,33711,29.662
2,1,865177682,2,4,4,7477,6,28,22,5,133317473,25193,39.693
5,5,1059354131,2,3,13,49237,5,21,26,8,119753870,51357,19.471
6,7,874865007,2,3,16,57226,11,12,29,1,52492437,25068,39.889
4,4,628339724,2,5,5,123848,3,32,22,1,65638563,38732,25.817
6,8,1051418721,4,1,11,127582,9,15,18,3,50803958,35764,27.96
8,2,800467520,5,1,16,41748,7,20,16,4,42950377,21189,47.193
5,5,852350964,8,3,16,110706,4,26,18,8,126799074,28818,34.7
3,1,172015717,3,5,10,94724,8,18,23,8,107931240,54063,18.496
4,2,768867840,7,2,6,120946,3,28,15,4,103729155,23442,42.655
3,5,221298490,8,1,16,69280,13,7,18,1,47111047,32134,31.118
5,8,763673992,7,2,6,32972,2,21,27,3,88904249,32304,30.954
7,7,399753749,5,3,14,103286,6,15,14,1,98532976,24225,41.279
7,2,888228985,4,5,8,47932,2,25,27,3,37658389,23138,43.218
8,5,996774163,4,1,4,8571,15,3,3,5,64694597,40525,24.675
3,4,230070502,4,2,10,13462,16,9,13,3,88452363,35235,28.38
5,6,1063120691,5,3,5,128497,10,21,21,2,46845063,24850,40.239
3,4,747058217,4,3,11,95086,11,27,6,8,91807698,31405,31.841
1,6,387710413,4,5,10,101754,7,29,31,3,58377494,30023,33.306
8,5,898325996,7,2,5,39111,5,24,14,5,38639891,26659,37.509
4,1,736352151,2,5,16,5609,8,19,20,8,69293790,56930,17.565
7,6,427263454,7,2,4,23990,15,6,2,7,103377277,29241,34.196
1,4,1028529134,2,2,2,114371,6,5,4,1,123548081,25609,39.047
4,3,976838335,3,2,16,46226,2,13,18,2,77532132,27493,36.371
7,8,113838271,6,5,16,91568,14,29,9,4,127455225,26188,38.184
3,4,70792821,8,4,12,38771,13,32,25,4,54415755,26541,37.675
4,6,848992116,2,2,8,59836,7,23,20,2,131646792,40127,24.92
7,3,995137268,4,5,5,60643,11,21,3,4,40542037,26515,37.711
7,3,321015713,4,5,8,105524,9,7,28,5,116933109,36799,27.174
4,3,530501033,6,5,7,5097,12,12,28,8,45941102,24048,41.582
2,3,564051140,7,5,2,32766,8,29,19,4,77308583,51441,19.438
1,2,291789158,7,5,12,11517,13,31,24,7,119333694,26650,37.521
8,6,241137712,7,5,2,18594,4,7,20,2,101780979,33629,29.735
5,2,111725230,3,3,12,51157,11,23,27,2,95699847,39499,25.316
8,7,814547811,7,3,2,93484,15,6,28,2,40870980,33079,30.229
8,3,615446111,2,2,7,21630,13,4,32,7,122932286,22722,44.009
1,1,484631462,7,3,3,26586,5,4,4,1,37564092,39886,25.07
7,6,985565330,8,3,10,74749,4,29,9,3,94366935,57181,17.487
6,3,897158763,7,5,16,35103,15,18,11,8,53957061,32701,30.578
5,8,667244396,6,1,8,77080,11,16,16,8,68494978,40802,24.508
5,5,257342823,3,5,2,25853,4,20,7,8,79832147,35722,27.992
4,2,97735166,7,1,6,55297,4,10,17,6,68080244,14969,66.801
4,8,1067168893,3,4,9,12753,12,29,27,4,82995064,46861,21.339
1,6,969277217,5,5,15,103263,5,16,20,6,92544785,34312,29.142
8,6,632881697,2,2,8,31010,12,12,26,1,87412051,19612,50.987
4,4,941244544,2,4,11,104130,4,16,3,7,80025734,38974,25.657
8,7,1061016939,3,2,13,15091,13,15,4,5,39088212,32998,30.303
4,7,745921153,6,4,11,122648,8,10,13,5,107809543,31950,31.297
2,5,714023280,7,5,15,94668,7,25,24,2,74762121,25992,38.47
3,6,399410760,4,1,5,12065,8,31,14,2,98381264,56094,17.826
6,3,601876196,2,5,10,81380,4,15,8,5,101676698,23799,42.017
1,1,778801147,6,4,9,83799,11,19,9,2,92848262,33243,30.08
3,3,626534949,3,3,15,16263,11,20,13,6,111648651,30857,32.405
8,6,363282282,4,1,7,71736,6,14,8,6,61227040,43471,23.002
1,8,60165981,8,5,3,59292,6,31,24,8,63472809,63369,15.78
2,3,945419456,3,1,13,50723,10,8,21,1,67318889,46069,21.705
8,1,723257946,5,5,4,22148,15,13,20,2,129101891,36460,27.426
6,2,594561766,4,2,2,99960,5,26,5,3,67990387,18019,55.495
5,3,859821917,3,2,7,122889,15,29,19,1,74639030,58720,17.029
2,5,10603399,4,1,14,118608,14,24,31,5,97174058,38753,25.804
1,5,676548318,6,1,11,111306,12,5,26,2,65451858,25640,39.0
5,7,455727653,6,3,9,18396,4,27,19,7,43306737,41519,24.084
5,5,771611433,5,2,2,122649,14,15,22,3,106082378,38434,26.017
1,1,611383181,7,5,9,96452,12,21,5,3,111939149,25698,38.912
6,4,837913197,4,4,9,80750,7,5,18,2,66538161,27950,35.777
2,7,894580234,6,4,9,102001,7,28,10,7,50435080,43877,22.79
2,4,14521688,3,1,16,73607,2,31,15,2,54528077,54658,18.295
1,6,232239464,2,2,11,82818,7,11,32,5,37260086,35173,28.429
6,5,1011743170,6,1,10,103417,5,5,14,8,73102380,54620,18.307
6,8,82424108,8,4,13,26882,4,8,3,1,81681372,41515,24.086
7,6,1037106960,4,5,14,82763,13,19,2,2,107924734,47921,20.867
8,6,426352160,4,3,15,41065,11,4,8,2,44959939,52157,19.172
4,7,824745864,5,4,8,60675,16,26,12,1,42606611,30050,33.276
6,4,253862816,8,3,3,52613,13,23,32,1,99720082,28924,34.572
8,3,814041372,8,3,6,78238,4,6,2,4,56689150,31050,32.204
4,1,682387439,4,1,15,100984,15,23,32,8,86202115,31323,31.924
1,4,148469144,2,3,14,41090,3,20,7,6,114478063,51037,19.593
7,1,90603267,5,2,12,20709,5,16,6,2,83761229,27436,36.446
6,2,251035333,4,3,11,118548,7,9,21,1,126514119,29179,34.27
1,2,422339199,2,5,15,44050,11,3,18,4,109825839,44863,22.289
7,5,948024409,2,1,2,13548,5,3,5,7,122789355,26621,37.564
5,3,851085051,6,3,8,105584,5,25,9,4,119405005,50734,19.71
1,4,1013595984,2,3,14,50754,16,12,4,4,93391826,22338,44.765
6,2,332548492,6,3,5,61107,14,28,25,6,112719898,27961,35.763
5,4,988428811,4,3,15,19221,16,8,23,1,47233316,33121,30.191
4,6,424264239,6,3,4,74171,14,5,31,5,41982539,30874,32.388
4,2,910208781,4,2,10,100988,13,13,3,7,123044027,48127,20.778
5,3,521876801,6,3,5,69290,7,12,30,5,105776236,36168,27.647
5,4,986571174,7,5,2,19029,16,23,30,2,114053791,22369,44.702
7,6,104801420,8,4,3,118784,2,25,9,3,127111192,25466,39.266
2,6,226619835,7,4,9,4801,14,10,13,1,123195026,37460,26.694
7,2,615027152,2,2,16,92363,5,32,13,8,120217186,27619,36.206
8,2,352195641,2,4,10,53508,7,15,11,6,101817621,64394,15.528
5,2,456232344,8,3,15,63109,16,4,11,6,89564590,46289,21.602
2,2,898639862,4,4,3,20554,15,19,11,2,67587832,26785,37.333
6,7,411431002,7,1,4,100573,12,11,23,7,42239746,26104,38.307
7,4,328202560,8,5,14,115967,9,15,26,8,93875736,37623,26.578
8,2,932882213,3,5,3,67623,13,3,17,4,121187210,27829,35.933
3,7,913906643,4,2,13,127900,3,9,4,5,84971510,52815,18.933
4,4,376473088,7,2,13,77470,10,18,31,3,49410479,41893,23.869
8,1,1055597501,8,3,3,131039,10,20,15,5,66344273,41392,24.158
1,4,857072124,5,2,2,26640,7,2,11,5,94789859,31234,32.014
2,5,48631320,6,4,3,73728,16,22,11,6,98442242,39335,25.421
1,1,218720883,8,3,13,115268,2,17,20,7,80038289,30155,33.161
7,5,203375396,4,4,12,77509,13,11,22,2,47370209,40871,24.466
7,2,590349324,8,2,16,20384,4,15,9,8,93009296,37193,26.886
7,3,126138896,7,4,6,29256,16,17,26,3,96701522,31644,31.6
3,2,1073685317,5,3,8,12716,7,32,10,1,104179920,23006,43.464
3,5,98520401,7,4,14,27797,9,10,3,5,84375243,62316,16.046
1,3,79765236,4,2,16,44381,6,4,22,8,63249106,39235,25.486
4,1,705910626,5,5,7,50895,8,29,18,3,116259708,26084,38.336
1,3,240162848,8,5,11,66717,9,3,19,4,35915428,29767,33.592
7,8,531220156,5,2,7,21070,14,3,14,5,130104514,36632,27.297
6,1,358031822,3,2,3,130788,12,31,18,2,55806641,41164,24.292
3,2,84930675,7,4,9,91934,12,14,27,5,103744002,39908,25.057
2,5,128818378,3,2,8,11312,15,21,21,1,90471349,51734,19.329
4,6,982925161,2,3,15,114995,12,11,30,6,109451098,36626,27.302
2,6,13290369,5,2,10,58436,6,22,25,2,39794667,46589,21.463
7,1,131732236,5,1,14,124787,3,31,6,7,48432825,51393,19.457
6,7,228540031,4,5,11,14427,14,31,21,1,82475424,32878,30.415
6,5,1049656546,2,3,14,63432,14,13,18,4,107871686,40132,24.917
7,4,742312844,8,1,13,16263,14,31,14,3,112277936,40764,24.53
5,8,8139368,6,2,3,52508,15,30,18,1,69886177,31984,31.264
5,1,987644964,5,2,7,9054,6,3,26,6,91913349,30851,32.412
5,1,726048952,5,1,7,29042,9,19,24,1,42700369,29977,33.358
1,5,375881497,2,1,11,76261,4,29,30,7,87835235,32088,31.163
3,6,126719965,8,4,12,109905,9,30,3,3,69247272,60400,16.555
5,1,404003244,3,4,6,126663,16,4,31,2,101100732,31088,32.165
8,4,1072469351,4,2,5,123368,10,28,18,1,66631568,26593,37.602
3,3,685367758,2,4,6,93172,7,8,18,7,120316183,36352,27.507
5,5,351702075,6,1,10,86368,16,6,11,2,108162250,25287,39.545
8,2,852002609,5,2,2,59080,15,12,26,2,115621978,50342,19.863
6,2,636949535,4,2,13,7885,9,29,3,3,130574615,32966,30.333
2,8,569593819,3,2,12,11852,6,2,17,2,90533072,30256,33.05
6,2,433499456,4,4,13,74064,15,4,13,5,108085426,31060,32.195
1,5,370131334,3,4,15,89814,14,7,5,8,41484770,36753,27.208
7,3,320521852,2,2,8,47773,9,32,30,6,90497309,22967,43.54
8,2,758107293,7,2,14,130637,12,8,17,1,118637341,51765,19.318
6,2,535692802,7,1,13,122427,16,11,11,1,133107896,28242,35.407
4,8,815865892,3,1,10,106938,15,29,28,3,60893075,28116,35.566
4,1,128915244,7,4,8,44523,5,30,3,4,96429127,22512,44.418
6,3,560960270,2,4,10,119188,7,24,28,4,111023247,29245,34.193
8,7,185415009,7,2,9,65991,3,30,9,4,104812128,39242,25.481
6,6,1069558793,3,5,16,53158,8,23,18,3,96038335,14333,69.766
2,3,167011313,8,5,7,35994,11,6,23,3,51877514,33418,29.923
5,5,268095644,4,1,14,97350,16,16,13,8,77448340,23654,42.275
7,7,672828300,4,3,3,128319,2,18,31,6,101587671,27486,36.381
2,4,1026306773,2,3,13,123615,14,17,7,2,53941212,32402,30.861
6,7,447996462,7,3,11,16607,5,20,2,3,97625498,33985,29.423
8,3,582682987,2,3,2,65460,8,31,19,8,44648097,47487,21.058
3,3,237663543,7,3,13,45818,3,29,24,2,53688989,28479,35.112
1,1,362044681,3,2,5,128428,15,16,6,5,128203464,27965,35.758
5,5,540794522,3,3,11,46490,5,20,17,6,120865264,45847,21.81
7,7,1039637262,5,3,4,112592,4,16,14,5,65720872,35432,28.222
3,3,572803955,8,4,6,97355,13,13,27,1,72067265,54803,18.246
4,1,485250160,5,3,5,67265,12,2,6,7,90352248,42684,23.427
7,3,209662238,8,4,8,25183,4,8,29,5,53879602,45579,21.939
1,4,127898902,8,1,3,104088,9,15,12,1,75230032,31811,31.435
8,7,264692802,7,5,13,88953,4,23,10,1,42973455,25171,39.727
3,4,833037283,6,3,15,62292,9,3,5,7,79996389,47381,21.105
5,1,1000435393,5,2,2,45207,9,2,27,3,44830335,29227,34.213
1,8,518774326,8,2,12,44169,2,32,16,7,112748906,37732,26.502
2,7,242664977,4,3,2,57850,7,26,26,4,89542977,24834,40.266
8,2,989382397,2,3,6,124432,4,10,10,6,109932250,50770,19.696
6,5,424913242,5,1,8,35226,8,12,9,6,43362614,26341,37.962
5,2,278260724,8,5,9,113246,13,29,2,6,51049285,23599,42.372
2,2,99762414,6,4,3,86260,8,20,27,2,118778123,27370,36.534
6,4,421773753,5,2,9,62223,14,31,4,8,47435830,21577,46.344
5,2,722188656,5,2,8,63648,4,32,20,3,38507852,34825,28.714
5,5,671331615,2,4,3,71207,6,11,13,7,125744478,47172,21.198
7,7,282935436,5,1,12,12697,3,23,8,6,89819661,26839,37.258
6,7,708680287,5,5,9,75173,2,11,19,1,132071375,23945,41.761
5,7,986122161,3,4,15,11094,15,19,3,3,95832393,26645,37.53
5,7,20808046,4,1,4,43999,15,14,14,3,122751503,41978,23.82
4,1,151412115,3,1,3,54919,16,19,6,3,133961909,31351,31.896
7,5,453385810,2,5,8,40954,2,18,5,8,36301671,35941,27.822
3,4,273637943,6,5,5,101464,4,7,12,4,106988676,36304,27.544
1,4,423458267,8,5,6,4768,10,28,5,2,130214787,32404,30.859
4,6,1012470588,4,5,2,43296,3,26,12,6,37939001,35069,28.514
4,8,511951543,5,3,7,7637,4,29,10,4,84795792,45106,22.169
4,4,625498474,2,4,6,99869,10,28,18,7,65163128,39745,25.159
5,6,630239626,3,2,12,103397,4,21,32,4,44522412,41503,24.093
1,1,458345724,7,1,14,116539,3,32,24,3,81385928,41625,24.023
6,7,417478152,8,2,15,81230,3,5,3,6,130942569,44543,22.449
8,8,1057922158,4,2,10,73818,8,4,32,4,55424036,29505,33.889
1,2,1053928393,7,3,10,98168,10,5,30,2,83222200,36305,27.543
1,1,532453653,5,4,16,96129,9,13,11,2,78427987,33074,30.234
2,4,508161749,7,5,7,24910,5,16,14,1,120669037,30043,33.284
3,6,20509534,6,2,2,125288,9,19,29,8,77602080,42459,23.551
8,7,231379853,3,1,6,74226,3,21,11,3,36653530,27161,36.816
3,2,280676958,5,5,3,15796,3,10,7,7,66103349,35112,28.479
8,5,589939682,5,3,14,42178,14,9,16,1,52085409,34628,28.877
7,5,882512039,3,5,3,24228,12,15,6,8,120435710,38743,25.81
6,6,311768497,4,4,11,31006,8,22,13,4,61755224,28354,35.267
3,6,887150887,4,3,5,37513,13,30,3,1,115668225,39283,25.455
2,4,948916523,5,4,6,78771,15,11,17,1,122834999,33718,29.656
2,1,1011551256,7,3,16,42190,10,16,7,5,77489953,29151,34.303
7,7,834577952,6,5,8,10927,7,4,14,3,61233473,42866,23.327
6,2,230093044,5,5,5,89391,8,23,11,4,78217141,39084,25.585
7,3,481082701,7,2,8,56808,4,4,26,5,71968745,39437,25.356
2,5,581769835,4,3,13,129544,3,21,26,7,110114165,36804,27.169
4,8,218434089,4,2,7,60966,5,22,30,2,64234708,27913,35.824
1,8,101492350,7,2,16,23833,9,22,2,1,116309195,45646,21.906
3,7,1032003974,4,5,10,51106,16,7,9,3,44024316,42258,23.663
1,4,482048301,3,2,10,90422,15,28,2,6,33964430,38628,25.887
5,7,304942032,4,5,6,97245,7,22,20,8,57807808,31700,31.545
4,6,1048839659,5,1,14,46317,15,21,6,7,53046389,45689,21.886
2,6,341265044,3,3,11,123638,15,31,15,7,57462976,60925,16.413
1,4,385389453,6,1,13,122963,15,8,24,5,67115135,56425,17.722
1,8,119125902,3,1,5,42496,12,7,3,3,95684849,43754,22.854
2,3,781967809,2,4,5,69515,8,13,13,1,42130292,31193,32.057
6,4,113427780,2,5,14,25836,12,24,16,3,41302436,62600,15.974
1,7,600939356,4,4,11,61029,8,32,32,4,72659036,57212,17.478
2,8,117456560,6,1,10,22163,5,22,19,2,126384383,53181,18.803
6,3,786455395,2,1,3,123242,2,31,13,8,46747197,56483,17.704
6,3,248769480,4,5,10,93664,8,12,28,5,127577217,46674,21.424
1,6,461865646,3,2,3,34239,7,10,5,7,123435334,46050,21.714
3,1,841694069,5,5,5,114357,14,24,16,7,131061768,40078,24.95
4,8,590099227,6,5,4,43745,10,11,17,2,113289632,49835,20.065
6,3,1002559012,5,3,12,30924,8,28,16,3,56925105,49792,20.082
6,3,997725081,8,1,15,94196,6,25,21,8,131136232,35461,28.199
3,7,490657216,7,4,4,55831,6,16,30,1,84614369,43305,23.091
3,4,1027094909,6,1,15,8662,5,8,20,4,62683638,59144,16.907
2,5,565688724,8,4,2,62377,11,6,7,6,106650404,62736,15.939
3,2,682234595,7,2,4,109252,6,2,21,2,37969017,54394,18.383
5,7,922888327,8,5,2,20227,14,8,28,2,78283848,40918,24.438
7,5,866066978,3,2,4,45888,4,13,26,5,94673824,57730,17.321
4,1,589680476,2,4,12,68966,10,7,23,8,83406437,36462,27.424
4,6,1068995406,8,4,15,42659,7,22,18,8,107834377,28383,35.229
8,4,804466584,8,3,12,130666,4,17,10,3,46428291,40405,24.748
1,8,251896108,7,1,2,85342,2,8,4,4,47403105,45816,21.825
4,6,727778146,8,5,2,110764,6,7,22,3,55155816,44404,22.52
4,5,812199318,3,1,14,34766,12,19,15,3,100530446,43978,22.737
1,8,9959632,7,3,3,7933,12,5,13,2,38581991,27086,36.918
4,8,281991498,2,4,10,12673,15,26,8,5,115340117,61239,16.329
7,7,715277374,8,3,4,47754,2,14,11,6,49483965,38857,25.735
4,2,356667180,5,4,5,103751,5,15,23,1,36535182,30220,33.089
5,5,999167761,3,2,5,105700,4,20,15,5,88052653,66411,15.057
5,5,584737942,6,1,8,109775,12,10,27,6,99686726,70335,14.217
5,5,113787673,6,4,2,50502,15,20,21,2,127952270,59925,16.686
5,6,653680879,8,3,5,38314,8,3,30,8,122216774,28618,34.941
8,6,247539405,4,4,12,96998,13,24,4,5,52598890,31955,31.293
4,2,913151384,3,2,12,54845,6,18,7,2,60857088,25000,39.998
2,8,716742727,5,5,7,124942,10,17,20,7,91712040,20786,48.106
7,5,66810989,6,2,8,48563,10,17,7,1,115670890,26544,37.672
3,6,68913726,2,1,6,75173,10,19,24,5,49473241,35999,27.777
5,3,726979180,2,1,10,14387,3,14,24,5,77737934,41519,24.084
2,6,621212411,4,4,13,26106,15,13,32,1,99535353,42405,23.581
1,1,542888608,3,4,4,62803,9,24,32,4,76877014,57615,17.355
6,7,1028723897,2,2,13,91273,7,15,2,8,41607199,34271,29.178
4,8,165400805,7,3,16,27867,10,20,7,8,92598765,48291,20.707
1,6,555628674,5,5,10,44099,9,7,7,5,50469071,28413,35.192
7,7,914934203,7,4,4,17792,15,9,9,1,134179368,35658,28.043
8,6,609192402,6,3,12,119976,4,20,30,3,113543095,27319,36.603
3,4,898068541,8,1,8,32354,13,17,26,3,95611515,29748,33.614
4,2,762695202,7,5,2,104032,10,30,22,5,115732071,47129,21.217
4,1,196905557,2,3,16,66190,2,7,6,8,113261043,32228,31.027
4,7,963284076,8,5,8,40212,2,4,14,4,70163929,28599,34.965
6,5,143056712,6,1,3,94689,4,23,14,1,49326144,41930,23.849
8,5,326653989,7,5,15,29382,9,20,25,6,48779277,33291,30.037
5,6,7025048,4,1,15,19267,5,19,2,5,73633659,36300,27.547
3,1,718573710,4,1,7,40897,2,8,12,6,121008690,48504,20.615
6,1,564052709,6,2,2,82126,9,19,18,7,70856881,32917,30.378
3,4,717560554,4,5,11,4817,12,20,10,8,119704352,28388,35.225
7,4,1067139529,4,1,9,126879,10,23,23,7,115411702,40822,24.496
7,7,175043349,5,5,8,117979,12,7,2,5,43299366,30610,32.668
4,3,287399683,2,2,14,75360,12,26,30,6,99636644,41612,24.03
1,2,144491813,8,4,12,86351,10,8,26,5,81048876,46479,21.514
6,5,403347727,8,3,7,34265,4,12,23,1,51400042,37113,26.944
5,2,550642086,5,3,7,105767,5,21,5,4,44271185,51153,19.548
6,5,986922491,8,3,4,30894,4,8,20,4,119861496,51854,19.284
1,6,398221233,3,3,10,86106,5,14,12,4,110438496,45627,21.916
6,7,500476986,8,1,13,52470,9,6,26,2,107608512,32833,30.455
6,8,280476384,2,4,12,95981,13,14,4,6,112781040,37305,26.805
5,8,705018969,8,3,4,93845,4,30,32,8,59331127,58717,17.03
8,7,986256404,7,4,14,8470,10,26,10,5,75791905,35492,28.174
1,7,964273095,3,1,12,116088,12,22,32,2,83040936,34648,28.86
5,6,518870835,8,4,7,49252,12,19,4,1,77525915,49781,20.087
1,8,618224197,6,5,8,21539,5,22,21,7,53940792,34793,28.74
5,1,568364783,5,2,14,8379,6,12,28,8,36765266,39346,25.414
1,7,408137465,7,3,8,70257,11,23,8,3,71713992,42070,23.769
2,6,406286684,7,5,10,37282,3,15,4,5,123064796,54328,18.406
3,2,167536121,2,4,10,114906,7,30,9,7,129638822,47527,21.04
6,1,811787365,5,3,11,81948,11,22,22,8,59662094,29858,33.49
8,7,754513910,2,4,8,33904,4,22,13,4,51093398,42668,23.436
7,6,857396685,7,2,16,82299,11,31,29,3,76652624,34663,28.848
1,4,387783687,4,4,14,75973,13,22,32,8,39337764,44346,22.549
1,7,610485234,4,4,15,7812,11,21,24,6,73193719,47302,21.14
2,4,394787831,7,2,9,57824,5,13,2,1,82595695,27357,36.552
4,8,20738985,3,5,8,5489,7,2,27,6,92564081,31822,31.424
5,1,800943211,4,2,14,70990,3,26,7,7,41115358,26470,37.777
4,7,537189444,3,5,4,36399,14,8,2,2,87912834,33460,29.883
2,7,787716561,3,2,16,18095,16,4,31,4,75403104,38932,25.685
2,7,766180132,6,1,7,17121,10,23,16,2,101335378,26334,37.972
1,3,107941578,7,5,8,122479,11,11,12,2,88416972,33807,29.578
4,6,123685429,5,4,12,33736,12,29,26,7,101187452,18996,52.64
5,4,495263566,7,4,5,67312,6,20,18,2,101833630,34027,29.387
7,2,872410464,4,1,14,110226,3,4,14,4,123143332,34573,28.923
3,5,646656936,5,4,9,108999,6,30,19,2,127969350,31631,31.612
8,6,63345728,5,4,9,121092,5,25,23,7,53435111,33702,29.67
1,5,920911505,4,2,7,25731,10,28,20,4,79599220,16427,60.874
5,7,866531117,6,5,3,47612,4,6,10,8,62957700,42518,23.518
4,6,173556675,6,3,5,123831,9,10,20,1,108409785,54571,18.324
7,2,700283260,5,4,12,50468,8,30,13,3,132366827,62446,16.013
5,5,266046589,5,5,6,126110,6,14,17,1,75603440,33357,29.978
8,7,538676248,3,4,10,19194,12,18,12,4,62436367,49407,20.238
2,1,123540133,4,2,12,13627,9,4,16,4,37398944,40081,24.948
4,8,836263648,8,2,3,5972,15,26,20,1,75791198,45009,22.217
7,3,884251000,5,2,16,66180,13,12,32,6,111809245,42385,23.592
7,1,104274358,4,5,14,45615,8,11,17,1,117842895,26987,37.053
6,5,125120432,3,5,3,40259,6,22,13,7,43229127,45085,22.179
8,2,731377235,7,5,10,107498,11,30,8,4,86036355,53062,18.845
7,4,9914128,7,2,9,59973,3,7,11,2,37597437,37589,26.603
7,4,890756399,2,2,14,12251,3,16,17,3,49257643,28879,34.626
4,4,81369635,7,2,12,88260,11,10,24,3,118626274,55135,18.136
1,1,676999272,2,4,14,16607,3,20,18,4,48059978,34676,28.837
2,2,623875738,5,5,16,51546,3,3,20,4,63675971,45876,21.797
1,1,369075112,7,5,5,87512,16,3,22,2,122294765,53215,18.791
4,3,816013524,3,1,8,14147,14,7,32,5,88319698,25139,39.777
7,3,626176308,3,2,10,59036,13,24,6,5,113233231,53644,18.64
7,2,204224731,7,3,3,59790,10,27,5,7,84180836,48986,20.413
3,5,822133005,3,4,9,120082,15,22,19,7,39295522,39904,25.059
6,1,455751267,7,2,11,87627,15,16,31,7,108632955,41374,24.168
3,5,570663704,5,5,7,93779,13,8,7,3,102953791,29245,34.193
8,7,859894895,4,2,4,5952,9,28,28,5,115948660,33018,30.285
6,5,151241748,6,2,7,28016,13,6,2,6,109273198,55201,18.115
8,5,418814858,4,1,13,30935,2,27,5,2,130026808,25716,38.884
2,5,9427581,8,2,15,18596,15,18,30,8,114872260,25687,38.928
4,5,1031711687,7,5,4,125690,15,14,27,6,85882071,59288,16.866
7,7,585509900,6,2,7,102421,6,19,7,5,113481942,62195,16.078
6,6,849165789,8,1,2,112353,12,14,29,7,38642818,50583,19.769
8,5,336059597,4,3,3,69374,3,26,9,6,81689693,63474,15.754
1,4,415741776,6,5,3,30018,14,12,19,1,86916068,38174,26.195
7,2,113955476,3,3,6,36980,14,16,25,4,93756512,41385,24.162
7,3,437307902,8,1,6,125191,13,20,11,1,131751836,45833,21.817
7,7,915124556,7,4,12,117268,13,17,29,8,57252725,32722,30.559
7,2,89454534,2,3,15,27644,16,4,19,3,68654117,38646,25.875
5,8,443883180,7,5,5,46059,7,28,4,1,54763142,60755,16.459
1,6,988543231,8,5,12,80934,4,18,6,8,126261199,53081,18.838
7,5,735316325,2,3,10,47738,14,4,9,5,84687282,25199,39.683
3,7,862961068,6,2,4,41552,5,14,7,7,125191423,57147,17.498
5,8,481977024,3,1,5,118120,9,29,15,6,97957055,21677,46.13
1,6,472379988,2,3,2,117019,2,3,29,1,57280977,47954,20.853
7,8,53804929,4,4,11,96551,9,31,27,4,81351788,27105,36.892
6,1,894934591,4,4,7,87386,14,22,15,6,70299304,39476,25.331
7,7,388765264,2,2,6,15797,8,31,25,4,69078967,24501,40.814
3,1,938710521,6,5,9,7609,6,13,30,4,118348702,44424,22.509
5,1,402275541,6,5,16,55340,15,5,15,4,52452633,31347,31.899
4,4,516107204,5,3,16,124709,16,23,16,2,103990795,47888,20.881
4,8,169160737,3,1,10,36619,3,24,4,5,44123977,35382,28.262
2,6,1044973071,3,4,10,71078,11,12,28,4,85366199,50205,19.917
6,6,990702276,4,4,16,107306,14,19,5,7,120751269,35202,28.407
4,1,809275086,3,3,9,56721,12,5,22,3,80474284,49790,20.083
7,1,836162203,6,2,4,71203,2,17,24,6,109664531,33194,30.124
3,7,580975159,4,2,15,9915,13,27,7,4,77476966,46264,21.613
3,1,409476487,8,1,16,14738,11,11,9,3,38643492,50307,19.877
3,6,841197141,7,4,12,120039,7,17,26,8,51710586,37934,26.36
2,8,85363948,7,1,15,88442,6,24,21,4,130964762,50241,19.903
6,4,824579438,3,3,2,94493,9,6,11,4,57167609,31941,31.307
5,6,995828050,5,1,15,16173,5,2,23,8,94425720,41010,24.383
1,4,186097545,8,2,5,12349,7,30,21,8,108662051,41818,23.912
1,5,467557113,3,1,8,10040,3,16,29,3,115926892,35564,28.117
5,4,107230696,5,5,5,127131,6,19,14,3,49492796,40481,24.702
1,4,1005352969,2,4,12,50374,3,29,32,7,46661463,43880,22.788
7,2,527765836,5,1,12,10249,3,6,19,7,113415451,60317,16.578
5,8,349482861,6,3,8,119407,15,5,21,3,73207324,31482,31.763
1,1,602512919,8,1,5,95224,5,9,30,8,111179201,61441,16.275
3,6,172426190,6,5,7,127680,9,7,18,2,41358317,49251,20.303
5,2,388746512,5,3,15,34836,14,25,16,3,92722481,35897,27.856
6,3,776136949,4,4,3,29869,15,4,23,1,59366395,47744,20.944
1,4,886678086,7,2,5,112752,10,12,30,1,75534293,36123,27.682
5,2,413300797,2,4,6,31878,16,25,5,5,78640849,36407,27.466
3,3,930100898,2,4,16,75204,11,5,32,4,99949016,34269,29.18
6,3,8247084,8,5,3,98260,4,18,28,7,103286204,49441,20.225
1,4,664576238,5,3,9,44553,15,26,18,4,113645929,43730,22.867
6,2,489927859,8,5,2,6871,4,22,14,1,85310767,36599,27.322
1,8,530249235,4,2,5,130697,12,28,5,2,43730119,37130,26.931
4,7,860785695,3,2,5,102982,16,4,19,5,35185713,31285,31.963
3,8,1053765939,8,3,10,11957,11,27,21,4,63020243,42249,23.668
3,2,1010286152,3,1,9,39548,9,31,31,3,51998477,42333,23.621
5,3,402958558,7,4,16,68320,4,26,19,7,94800026,35511,28.159
4,7,186904235,7,3,3,94956,8,12,4,3,108783236,41289,24.218
2,6,246296119,5,3,9,36054,9,23,17,8,82678773,38694,25.842
1,7,433665873,8,2,3,118420,5,23,3,6,75643527,40802,24.508
8,8,833724771,7,2,10,55119,10,22,27,6,89953127,50882,19.652
8,6,897593576,5,5,13,118042,6,24,9,4,123161864,41829,23.906
8,1,212201705,4,2,15,61484,6,10,9,4,80506742,56976,17.55
5,4,532203352,3,1,14,43793,8,10,24,4,120425056,49118,20.358
5,1,869808540,8,3,4,48867,7,26,24,8,67939989,46292,21.601
7,3,251725916,5,3,13,50142,8,27,32,3,52831765,46603,21.457
4,3,345956339,6,1,9,56693,8,14,8,6,46115989,40694,24.572
7,6,519504878,6,3,14,94942,6,14,10,6,123640735,37050,26.99
4,2,63641972,2,5,13,25478,8,4,29,8,107266646,50577,19.771
3,8,880354417,2,1,15,36384,7,28,22,5,113627344,38959,25.666
4,6,316894284,6,1,12,44897,5,11,17,8,39941582,55557,17.999
4,2,104150085,6,4,14,22037,11,25,11,6,91069254,47497,21.053
1,4,761301407,6,1,16,21865,10,16,15,6,116920210,38440,26.013
5,1,501427930,6,2,11,102751,13,8,30,4,89259431,30370,32.926
1,5,304923166,2,3,14,11255,14,15,26,7,120345273,29171,34.279
3,6,131757208,2,4,16,64786,11,28,13,3,121163188,32741,30.541
6,5,488566074,2,3,2,129598,13,14,7,8,94542265,48130,20.776
5,1,280198897,4,5,11,24959,15,29,3,5,118783113,39856,25.089
2,3,918340486,6,3,12,16896,6,31,8,2,78948350,50801,19.684
6,2,712762378,2,3,16,66416,7,18,25,8,113835613,37547,26.632
8,4,31325614,5,4,10,97917,13,15,31,8,126548073,56960,17.555
4,3,959976256,5,5,10,96975,7,28,23,8,63169185,40918,24.438
5,2,1002327067,7,3,2,68736,5,21,10,1,60963509,37642,26.565
5,7,694570576,5,5,14,62162,11,5,31,7,86554418,58067,17.221
8,6,401945104,8,5,5,130234,16,27,3,4,57487831,39901,25.06
8,8,972422624,6,2,5,36112,5,14,32,3,123025671,48781,20.498
5,2,52881798,5,2,10,47586,6,30,4,4,128566784,42979,23.266
4,6,775352160,2,1,6,68015,8,4,7,3,102139132,27559,36.284
8,8,396719604,8,5,6,43740,5,32,5,6,110175902,53809,18.583
1,2,715917467,6,1,14,72904,2,15,7,6,90611181,41195,24.274
5,6,893740550,6,2,6,113326,5,15,14,2,73527869,52898,18.903
3,2,516410300,8,1,13,96919,5,2,14,2,52076629,48147,20.769
8,2,606752185,4,4,16,90001,16,5,32,8,113587994,48851,20.469
1,3,616822129,2,2,16,80912,12,24,2,7,133503688,40484,24.7
4,6,963489860,3,1,16,4836,3,28,10,8,66892438,35403,28.245
7,6,521439148,8,2,5,114100,8,13,18,4,33921540,45388,22.031
7,4,1003590150,7,1,8,9775,15,29,12,4,41318808,44969,22.236
8,6,777950567,7,3,3,127910,11,19,28,5,77894830,30087,33.235
7,3,896626593,3,5,16,106592,11,16,31,3,92017718,58640,17.053
6,5,796020204,4,4,15,15118,6,22,30,3,68779639,56751,17.62
2,1,236979839,5,3,14,115052,14,18,15,7,37143681,42373,23.599
5,8,376851022,4,3,12,78092,4,6,26,8,65121668,30631,32.646
4,3,670490755,6,4,10,26036,7,8,16,1,58727164,54549,18.331
8,2,1067522381,4,4,5,66428,5,24,29,2,74883102,43889,22.784
6,8,414231651,5,1,9,36888,14,15,3,6,42121447,40968,24.409
6,7,1054527278,2,5,9,129731,10,12,6,6,56650191,57157,17.495
5,6,806175733,3,2,3,119873,11,22,2,4,55913732,42551,23.5
8,7,351036592,6,2,3,97556,4,2,9,2,103392920,58681,17.04
5,1,295355996,7,2,9,34936,12,15,27,2,116485528,46200,21.644
4,1,360670685,6,1,6,113408,16,7,24,4,96581339,54317,18.41
7,8,21977736,7,4,15,64370,5,13,28,2,55367746,60564,16.511
8,4,291373521,6,3,3,31626,13,6,29,4,51924030,32810,30.477
1,5,622804624,8,2,10,67067,11,16,23,3,114821846,62485,16.002
4,4,62161444,7,3,9,88178,8,28,10,5,84012028,33602,29.759
6,4,138060219,7,5,5,122925,5,18,18,6,119814345,58755,17.019
3,3,382175166,8,3,3,67707,14,15,3,2,91555716,44950,22.246
7,3,275894487,6,5,15,104135,9,15,23,1,67972707,49298,20.284
5,1,195463548,4,5,15,68423,15,31,17,7,38152168,54369,18.392
6,1,206047972,6,5,12,20773,8,12,2,8,105391733,38406,26.037
2,1,1022656298,7,4,11,58851,11,27,19,3,89447500,64090,15.602
4,4,154793336,8,4,10,57931,9,13,23,6,125726025,40404,24.749
7,7,177571404,5,5,4,66274,15,2,31,1,101303931,30734,32.536
3,4,465284858,6,5,12,114643,16,9,9,2,122747738,36653,27.281
2,2,121128718,6,3,4,78563,9,29,14,8,34630517,26665,37.501
7,4,594533827,8,4,15,33299,13,2,16,2,39613359,48258,20.721
5,1,667826440,7,1,4,32891,7,32,16,2,114753870,42145,23.727
2,6,743019312,5,5,13,45074,10,24,31,3,53401337,29798,33.557
7,7,623747887,2,4,8,52218,10,3,22,3,54921958,23499,42.553
8,8,390991398,6,5,15,17603,14,31,8,8,41002378,38796,25.775
4,7,603100107,7,1,16,86802,5,15,15,3,121075341,57371,17.429
1,6,107657614,8,3,4,108469,3,8,10,5,85862478,46256,21.618
4,3,474302970,2,5,9,49421,11,28,12,5,108993717,26330,37.978
8,8,871596201,3,1,10,47827,13,25,18,7,82842238,53548,18.674
6,1,712775700,6,4,8,92560,13,25,22,4,115989085,37721,26.51
4,1,895447567,8,1,9,31430,4,28,6,5,53126270,25849,38.681
7,8,295845940,7,2,13,33346,16,20,24,5,52340939,35975,27.795
6,1,776852215,6,3,13,57017,8,30,27,1,56518641,29065,34.404
3,2,26278383,2,3,6,90300,9,5,14,8,131379922,29138,34.318
8,6,172680083,7,3,6,34278,14,6,32,8,125746927,42045,23.783
7,4,497196620,6,3,2,65376,6,21,2,2,57002101,63640,15.713
8,8,356406944,8,2,16,108048,3,24,3,6,96391266,43589,22.941
2,7,1069619173,7,3,7,85179,10,24,20,3,117601637,24101,41.491
1,8,527554080,4,5,11,110372,5,13,32,2,102770115,33105,30.205
7,3,931857052,2,5,2,93092,10,12,29,1,97852195,26564,37.644
5,2,640330215,4,2,9,68038,9,17,19,8,66943138,54276,18.424
2,2,598343467,2,4,11,18974,13,10,28,5,47244306,58623,17.057
8,7,513044527,4,1,11,72022,14,18,22,1,59446603,55841,17.907
1,7,65131342,5,2,14,14945,14,21,4,3,101232543,62004,16.127
6,1,940883906,8,4,12,79850,12,18,16,3,84180730,31536,31.709
3,4,816358965,7,1,15,49152,15,31,15,3,54872130,30983,32.275
6,8,708605198,4,5,3,83030,16,11,5,3,120291793,55398,18.05
8,4,556782538,7,4,7,52716,13,5,9,3,85615547,43910,22.773
1,4,449093541,7,4,7,75013,16,26,7,2,69404858,34011,29.401
8,8,927142943,5,3,14,74340,11,18,4,4,98407211,39529,25.297
7,5,179677604,6,5,16,25532,5,16,7,4,69533815,21612,46.269
3,6,602832564,3,2,6,75280,9,16,31,1,98368615,27351,36.56
7,2,987040793,2,1,8,79596,6,15,27,8,119765573,50020,19.991
7,4,6104549,7,3,12,104780,14,14,3,6,100931440,39142,25.546
2,3,896472029,8,3,16,78819,5,3,9,8,70183724,16736,59.75
4,8,31141382,7,2,11,17264,6,30,29,6,74082969,48415,20.654
6,2,948061558,5,5,5,77589,6,24,26,8,133398287,52985,18.872
2,2,690627349,7,2,10,72509,3,5,11,6,97352612,31911,31.335
1,2,647951154,4,4,16,103350,15,30,12,2,34957018,21978,45.498
4,3,284419591,7,2,13,81160,10,13,24,1,118631076,34336,29.123
3,6,342770950,8,5,13,17216,14,5,22,3,101458701,54921,18.207
1,6,59909555,3,2,12,5038,13,29,7,7,127026414,56637,17.655
8,3,935231258,3,1,6,91127,3,18,6,6,68467053,39937,25.038
8,3,447559566,7,2,3,122057,14,4,23,1,88593871,56329,17.752
2,2,1042404156,7,2,14,25128,14,11,31,5,52321375,54009,18.514
7,5,547540669,7,4,16,110217,11,29,8,2,124318082,30976,32.281
7,3,310527799,7,4,16,109098,7,26,25,3,83015845,25042,39.931
6,3,526197802,2,1,10,27983,13,27,18,1,117441371,26093,38.323
6,7,580846915,2,2,16,51145,6,20,17,8,77604293,37436,26.711
6,8,31452909,6,5,7,8898,13,29,21,8,119810448,34156,29.277
7,7,19580680,7,3,7,100136,14,21,7,4,55392374,34295,29.158
5,3,411584403,8,4,4,29904,8,27,19,3,106692823,29907,33.435
3,1,532119910,4,5,16,68021,14,26,26,8,100084020,33286,30.041
1,2,512774208,7,2,11,64745,4,13,5,1,70183902,58782,17.011
4,7,335817951,8,3,13,7914,8,25,29,1,78489001,35255,28.364
6,2,765393171,8,3,15,122275,9,16,13,3,70916715,49426,20.231
4,1,417611814,3,5,15,78599,14,15,12,8,79517110,35786,27.943
6,1,363465890,7,2,14,14008,15,6,11,4,61595667,50529,19.79
5,7,978697562,4,1,13,15448,13,26,24,7,66694725,26211,38.15
2,7,843894412,4,2,9,121259,8,19,25,2,37952121,37775,26.471
8,6,433194040,3,5,3,41080,8,32,31,7,132356864,54546,18.333
8,5,916506735,4,1,16,24316,6,16,6,2,97002915,41685,23.988
1,8,438831472,8,4,7,128339,12,11,8,8,109202431,51563,19.393
7,3,676558544,2,3,9,106254,4,10,8,6,41567853,23029,43.421
8,3,1061790068,4,2,6,86473,16,18,13,1,35968437,56288,17.765
6,6,314709658,5,5,13,63547,15,2,3,7,83432585,62390,16.027
3,6,1035428343,3,1,5,16791,10,10,16,1,116944605,35511,28.159
6,6,369155737,6,4,12,51800,15,21,7,1,79415618,54045,18.502
5,5,372053275,3,4,6,54597,11,22,23,2,110976603,59789,16.725
7,2,917845283,4,5,6,74878,4,22,19,2,85846623,58110,17.208
7,4,1061099997,7,2,14,113653,10,18,17,1,71247859,42493,23.532
7,2,625696667,3,5,9,51804,12,30,16,7,60724648,45964,21.755
6,6,816455063,3,4,13,27017,13,31,32,4,99265605,57807,17.298
1,7,517688308,4,1,3,100343,14,6,20,8,80810334,46380,21.56
7,4,249123185,4,5,11,86013,7,24,23,6,109147508,39238,25.484
1,6,27268524,2,1,5,100531,11,29,3,1,86659306,30044,33.284
6,4,658682630,8,2,2,66520,9,21,2,2,57937133,50798,19.685
2,1,291574576,4,2,4,60438,13,23,6,7,115333658,49306,20.28
8,3,790566251,2,3,14,94058,15,23,19,8,114159646,50200,19.919
4,8,568260591,6,2,8,98145,8,8,2,1,105087529,35523,28.15
5,4,1009522392,2,3,9,51249,7,23,20,4,62278025,54343,18.4
1,3,268735544,4,4,5,67875,3,30,16,4,42065115,68219,14.658
5,2,367407187,6,1,13,80890,14,18,5,7,94590349,58926,16.969
5,5,227472627,6,2,11,62267,8,18,30,7,105422420,40192,24.88
8,3,763726538,2,1,14,62156,5,7,30,1,109165629,31463,31.782
6,1,944273872,7,5,16,22603,10,32,9,8,64355797,57818,17.295
7,7,907652411,4,3,4,73063,2,6,31,4,89459732,51305,19.49
4,3,1072418743,5,3,9,13876,6,16,22,6,121132823,38838,25.747
4,4,523161971,5,4,9,30560,4,2,15,4,37665271,56097,17.825
3,4,309381133,8,1,13,31579,7,29,29,4,42520520,33626,29.737
6,4,309692629,2,2,16,66643,9,7,7,1,105641718,60245,16.598
4,5,116017528,8,4,8,80376,7,31,31,8,75312080,58988,16.952
3,5,653186553,7,3,2,111636,12,10,10,4,124692021,56513,17.694
4,2,890019749,8,4,15,109025,5,7,22,7,66507573,47584,21.015
4,3,529481853,8,2,6,121846,3,9,13,7,111169150,34134,29.295
7,7,842854572,4,1,7,87713,3,20,5,4,76755199,54315,18.41
7,1,987290265,6,4,6,86782,3,4,5,2,83106667,45668,21.896
5,8,213349068,4,3,13,89029,12,32,4,3,125006058,47072,21.243
3,4,730605023,7,4,7,22029,2,16,23,7,94574707,49914,20.033
2,8,295481562,6,2,7,103912,11,21,6,5,128249896,55834,17.909
1,2,929504520,4,5,16,45923,4,27,32,8,120770171,55764,17.932
5,8,245881038,5,1,14,77669,13,11,27,8,100138234,37600,26.594
2,1,886506407,6,4,3,122930,6,26,28,6,46020315,43597,22.936
6,4,608748267,4,4,12,75525,8,27,4,8,77868733,63060,15.857
5,1,1029433754,7,3,14,111432,7,13,28,1,113899668,44637,22.402
5,4,48595652,7,1,2,122964,14,26,13,7,101011685,50937,19.631
4,3,58384444,3,4,10,120993,3,27,32,4,115237596,59746,16.737
1,6,527020894,8,1,16,55167,3,28,5,5,125100294,41925,23.851
7,6,740297199,7,3,8,50347,15,26,26,8,35223441,32815,30.472
5,1,754254267,8,1,12,35809,6,9,6,1,34735141,63338,15.788
4,8,546272886,4,3,11,57756,10,19,24,2,80765357,36745,27.214
7,7,898730613,7,2,16,15941,2,26,27,3,68108892,45816,21.825
3,6,995502605,4,5,12,79393,2,17,18,8,100025913,34606,28.896
3,6,1041041294,5,1,14,92162,7,5,24,4,73697619,56246,17.778
5,7,523628277,8,1,12,69854,8,17,3,2,73702397,41058,24.355
3,2,763954251,2,4,9,92915,10,29,30,6,78107095,54352,18.398
1,2,514815188,3,4,5,124168,7,5,11,6,82829885,59089,16.923
4,1,146911401,3,3,7,68968,7,18,20,2,113468077,57770,17.309
2,6,673202360,7,3,11,82531,2,22,23,7,78261257,44605,22.418
3,1,414589588,3,1,14,52089,11,2,20,1,38109408,56738,17.624
1,4,702111768,5,3,15,120909,15,12,5,2,116386627,58416,17.118
2,7,921543190,3,2,5,111669,5,18,11,5,127265279,57121,17.506
3,5,828018133,5,5,3,5547,7,31,13,1,53410684,14636,68.322
8,2,212092472,8,2,11,77216,12,19,26,8,37551600,61406,16.284
1,3,1023992929,6,5,3,117077,4,28,8,8,59347530,64528,15.497
4,6,975533597,8,4,3,19316,3,6,8,4,101478498,62335,16.041
1,2,445907439,8,4,13,7817,15,24,23,7,53929949,32056,31.195
6,4,1020324727,2,2,13,24044,9,9,23,8,94472419,55864,17.9
7,7,448533998,5,4,16,24284,11,2,13,8,41535172,29202,34.242
6,5,363899315,6,2,3,19740,10,3,25,6,55638959,28952,34.539
2,7,879018867,6,1,15,22766,8,31,11,4,82014790,27688,36.115
6,2,92066511,3,5,14,29103,11,30,12,7,62181214,58308,17.149
3,5,819659106,7,4,14,54931,2,12,28,5,40338395,21840,45.785
4,6,483443783,5,1,3,49860,5,6,27,3,33631371,55925,17.88
7,6,133081283,3,1,13,74507,9,26,25,2,79456748,63006,15.871
5,5,66912229,7,1,13,17634,5,31,18,5,102782314,25902,38.606
7,3,657880747,7,5,15,88179,15,9,7,4,118651909,27669,36.14
4,1,663040369,8,2,12,33257,10,32,21,6,101751197,58501,17.093
7,2,350767577,7,5,4,122527,4,31,26,5,46016135,60765,16.456
1,5,483379970,6,5,7,115577,12,15,30,6,84621631,41577,24.051
8,6,604439712,2,3,13,80446,6,8,25,3,57350415,58021,17.234
2,4,865457137,6,3,10,67580,5,2,18,2,58709898,21691,46.101
6,5,953015968,7,1,2,25746,3,4,2,4,79061174,59038,16.937
6,8,166988821,5,1,4,59330,13,8,19,7,101011558,61811,16.177
4,4,307309522,8,2,11,91261,13,16,13,1,129194941,33296,30.032
5,7,769796676,4,2,8,18761,4,22,12,7,57373230,32846,30.443
3,6,258686777,2,2,15,43346,10,7,13,4,96944687,32933,30.363
3,3,79636540,4,1,7,51378,6,27,30,8,134162060,28439,35.162
1,7,609202435,3,2,4,50447,7,3,8,4,100577275,62655,15.96
8,7,982241982,6,5,16,127432,2,6,6,1,72327528,54750,18.264
7,3,226823500,7,1,11,14399,6,2,10,6,83790987,31841,31.405
7,2,775365295,8,5,14,125367,11,15,12,1,109385456,52575,19.02
1,1,285984085,6,4,2,50290,15,14,19,1,126644089,26438,37.822
1,8,623015662,5,4,4,130769,5,24,26,8,111597736,39447,25.349
1,5,306494728,6,4,16,128573,13,32,29,7,67210904,36599,27.322
7,7,454815231,4,3,12,35130,4,28,24,8,123156128,65752,15.208
7,6,476954655,6,2,15,70486,16,12,20,3,103225462,61943,16.143
2,4,861045054,4,5,15,67742,6,8,31,3,132764266,26625,37.558
1,3,210851171,7,1,9,17495,15,8,32,7,91120125,56882,17.579
6,2,376384374,3,5,10,110499,3,17,28,3,46468454,64899,15.408
3,8,517806156,8,2,3,5098,8,31,2,6,111553553,65661,15.229
6,6,393254409,5,4,2,62543,10,3,4,2,45030320,21276,46.999
3,8,170481225,7,5,10,103471,9,32,13,7,106073802,58035,17.23
1,3,605069490,2,2,2,21629,14,16,2,3,110668765,62445,16.013
2,6,583139366,6,5,2,102730,11,15,6,6,52916233,23353,42.819
2,5,393034083,5,2,4,111064,6,30,21,8,68965955,42267,23.658
1,1,736504683,3,2,6,14300,8,4,19,5,61761966,22855,43.752
3,4,646286172,4,2,4,110730,15,10,10,6,90741711,68429,14.613
5,4,962042366,6,5,7,110612,10,24,26,2,132617781,24645,40.575
7,3,662588365,3,4,2,75831,9,15,11,3,121826284,29424,33.984
1,3,325885368,8,4,10,67149,7,2,22,3,52344827,58873,16.985
2,8,177579655,5,4,14,25317,6,7,24,5,123690608,59300,16.862
7,5,851000983,5,4,4,43913,13,10,13,7,51209657,53123,18.824
8,7,676526170,2,4,12,102193,5,29,3,4,104369927,39692,25.193
3,4,564578104,6,3,3,47728,8,2,6,2,81254903,46190,21.649
4,1,1003939216,3,2,12,112316,5,9,8,3,119098816,52841,18.924
7,7,1065955173,5,3,14,120243,14,26,11,1,109675916,25618,39.034
1,8,1051914286,6,5,8,123614,13,6,23,2,95056176,58915,16.973
8,6,87642312,5,4,16,5944,11,4,20,2,91032978,63529,15.74
5,6,314894805,5,1,4,121772,5,20,23,4,36099173,29483,33.916
7,7,336278523,7,4,3,10660,13,19,2,8,102898298,59442,16.822
4,3,348681424,7,2,7,20293,15,25,6,4,60782805,19030,52.546
7,7,696843966,8,5,3,114549,13,6,32,5,97201744,58348,17.138
5,7,797593681,4,5,13,128256,3,2,27,1,50209137,53538,18.677
8,5,63759010,6,3,14,118441,4,30,25,2,44192333,34099,29.325
7,7,858668586,6,4,8,102457,9,26,2,6,40557208,26009,38.447
3,4,707092009,7,4,6,41806,14,30,17,4,132304946,50158,19.936
6,2,584417852,3,1,14,30536,12,8,15,5,77240377,23188,43.124
5,4,63047556,5,3,2,69477,4,6,17,6,128278166,61043,16.381
3,3,347888797,3,4,12,112232,3,32,8,1,132894933,27731,36.059
8,7,375669999,2,2,12,19030,7,8,23,1,102560934,31950,31.298
8,1,547172744,7,4,6,53840,13,2,5,2,69104520,38212,26.168
8,4,599734264,6,1,7,23017,16,16,30,1,87692867,56020,17.85
4,6,314416700,8,3,9,72153,12,6,18,1,122830119,30497,32.789
6,5,395759905,5,5,9,74284,4,14,31,7,65242925,66709,14.989
3,4,9237786,4,4,11,25643,14,7,26,2,43398522,49225,20.314
1,5,1060776853,2,1,13,54027,15,30,30,2,34561648,34234,29.209
1,2,461311131,6,2,9,104761,13,28,21,4,77641667,51924,19.258
3,6,740903375,3,5,13,28701,4,3,6,4,133792468,28816,34.701
5,2,226369189,4,3,12,98255,11,2,11,5,104372375,67083,14.906
2,4,519977774,5,1,6,15264,8,2,30,3,65835262,51641,19.363
3,2,474087705,4,3,8,85579,8,2,17,3,96701971,55111,18.144
4,2,286011332,8,4,5,7797,13,14,3,2,72845742,49509,20.197
5,7,653456634,4,1,10,33621,9,3,8,3,106024855,54504,18.346
8,1,333934896,4,4,5,127820,14,16,18,5,114104840,33646,29.72
4,2,221681707,7,2,11,118901,8,20,3,6,48109093,69604,14.366
5,1,907593618,6,5,16,81790,9,2,4,1,119089744,42208,23.692
6,3,294272745,2,3,3,115092,14,9,5,3,64558020,57276,17.458
5,8,261288419,8,5,2,71864,11,19,14,2,106061757,45537,21.959
3,1,466361067,8,5,3,8399,13,15,2,1,123578592,51595,19.381
5,8,1001419748,8,3,13,42991,16,8,21,1,102452901,26245,38.101
3,7,442750266,4,1,9,127975,2,25,8,5,90385588,61458,16.271
3,4,95403890,8,1,13,119635,4,23,2,7,104464111,42224,23.681
4,6,258628898,6,2,9,15767,13,18,23,1,47613830,41259,24.236
3,6,979220511,6,5,10,102027,6,5,17,7,81782603,60074,16.645
5,4,910525934,2,1,14,55646,2,11,27,7,123294610,23020,43.438
1,7,762294934,3,3,3,86725,7,9,3,3,48345697,60355,16.568
7,3,368214486,8,3,8,41455,11,30,26,3,72138433,29004,34.477
5,8,732584222,8,1,8,15420,10,31,11,1,97725623,63117,15.843
4,7,368639082,7,3,7,50244,2,17,4,4,91042938,45462,21.995
4,5,385595290,2,4,3,11580,14,28,4,8,34352596,33966,29.44
3,5,462027920,6,1,5,79902,16,8,28,4,60910932,64330,15.544
1,5,852779457,5,3,10,33453,11,3,6,4,115913514,30550,32.732
2,1,686858574,6,5,5,24187,3,5,28,2,64596436,14122,70.808
7,6,318923851,7,1,16,30421,11,21,10,3,120653915,35669,28.034
8,4,956114799,8,1,16,92478,14,3,5,7,95367877,59623,16.771
4,6,917205874,8,5,14,36145,9,26,5,4,93176109,33014,30.289
6,2,283327210,8,2,8,93244,5,29,20,4,125182290,44344,22.55
5,1,226743237,5,4,10,24042,7,14,3,4,61695392,58655,17.048
7,3,1065272581,4,5,2,117386,8,17,14,8,124921613,61348,16.3
7,1,536490272,4,2,15,72872,11,21,25,6,119396546,30466,32.822
2,2,132203724,5,1,3,72271,16,10,16,4,70547929,69311,14.427
5,2,639936944,8,4,11,43522,4,7,25,7,40545114,50296,19.881
5,2,972772091,6,4,4,49655,2,9,26,1,82894949,39294,25.448
3,5,613368697,4,4,9,87590,9,2,14,7,36637238,52346,19.103
5,4,703604101,5,2,4,127908,10,26,24,2,116766105,37553,26.627
3,6,99709635,6,4,8,66687,3,15,24,5,55157178,63103,15.846
3,3,1015604586,7,1,10,68740,7,7,30,3,102226829,47671,20.976
6,1,380948599,7,1,11,59235,10,23,24,8,39889348,67287,14.861
4,6,456082834,4,1,12,57548,10,4,13,1,37827787,64893,15.409
2,7,76072709,3,2,8,127994,6,12,4,7,127103946,30777,32.49
8,6,880605082,7,1,3,25614,9,32,24,5,126894961,57541,17.377
6,8,762694988,5,2,4,58343,6,16,32,5,35904441,43933,22.761
5,1,477636492,4,5,6,8005,10,2,11,8,99543111,68711,14.553
5,3,698590547,7,1,14,128359,5,26,3,5,57215580,30094,33.228
6,3,484972983,5,1,13,87119,11,25,8,7,51236979,27385,36.514
5,3,505396368,8,1,6,68688,3,14,15,8,101050099,58774,17.013
4,5,214607644,7,1,3,63250,15,16,10,2,112420650,58741,17.023
2,2,415465385,7,2,10,68273,3,20,24,1,130736311,26276,38.057
3,8,618491002,8,4,10,45427,2,30,6,3,39023414,27646,36.17
6,8,1022571662,8,1,7,97478,12,11,11,6,72602975,57247,17.467
8,7,730056705,2,3,14,12294,4,8,31,4,115697667,66280,15.087
5,6,228973750,7,2,14,9812,4,26,26,4,114133618,68664,14.563
2,8,261607829,4,3,9,6560,10,15,20,4,58723369,41561,24.06
2,2,105335654,5,5,8,8218,16,24,7,2,121185296,41739,23.957
7,6,744901686,4,4,14,91509,2,16,5,5,128511566,20721,48.259
5,8,106241461,2,4,10,59423,11,24,26,5,71289930,31197,32.053
7,7,10491207,8,5,8,59581,11,7,15,7,76476952,57232,17.472
4,5,467518430,4,3,11,31861,15,18,19,6,122043486,33330,30.002
2,1,49051022,3,2,3,87705,6,27,17,4,122408183,30680,32.593
1,3,992912309,6,2,3,58272,16,15,4,6,52454698,43331,23.077
2,5,367344129,4,3,16,102698,16,21,18,7,69413511,57807,17.298
4,2,568137908,8,2,5,43262,6,5,19,3,52873720,55416,18.044
4,8,461529283,2,4,16,100739,5,22,23,4,127552825,34716,28.804
2,8,841401357,4,2,5,80353,5,26,13,1,128080453,37501,26.664
6,5,1051120086,7,2,14,25253,6,25,19,3,82481233,54008,18.515
4,1,321855217,6,5,12,87128,4,9,11,5,87011739,47667,20.978
8,5,869423489,3,2,3,107758,16,29,11,6,36849943,35736,27.982
4,6,659614716,3,5,8,37253,4,9,7,5,60080809,35326,28.305
6,4,5321999,4,3,9,108814,8,2,29,3,44185649,57441,17.408
5,1,638373466,6,4,2,87671,3,31,28,2,58203200,70188,14.247
4,5,781203197,4,5,13,76972,11,17,15,5,41997871,51581,19.386
4,3,735021797,4,2,6,82548,9,27,26,5,68956091,29827,33.525
1,7,813406995,8,5,8,26882,5,32,27,2,78945906,47826,20.908
1,8,997259794,7,4,10,127088,6,3,24,6,119669216,49485,20.207
2,3,363811284,5,4,3,70254,2,21,18,8,83851716,46415,21.544
8,8,376409488,4,4,15,103480,11,10,25,6,115093613,35558,28.122
1,4,713286215,3,1,3,40936,9,31,23,6,111935070,36397,27.474
6,5,184936920,4,4,12,44736,14,2,12,5,81558186,37770,26.475
5,3,191055870,5,4,5,93031,3,15,8,3,66141255,55058,18.162
6,3,673270525,8,5,14,80651,10,4,25,1,94221459,62495,16.0
2,7,989432768,5,3,2,61291,13,11,28,4,53822997,47046,21.255
3,5,328786759,2,5,16,99915,14,23,4,8,72151540,22469,44.502
6,1,624271720,5,3,6,127465,8,13,13,7,111771024,61767,16.189
6,8,1024797745,6,2,4,86377,9,25,17,7,81790223,37375,26.755
7,6,391886714,7,5,9,73110,3,18,6,5,67157350,65941,15.164
6,6,262934202,5,2,13,117072,15,19,21,6,130768044,28203,35.455
7,3,156688112,8,3,11,14593,12,31,27,2,79106041,23131,43.229
6,2,833957693,7,5,6,113972,9,9,20,7,33902230,27500,36.362
7,3,230442705,3,3,12,53127,6,7,3,7,55121248,54939,18.201
6,8,591024479,2,3,11,71471,11,10,23,3,129572999,32187,31.067
4,5,298678614,7,5,8,29533,4,27,17,8,134169322,23646,42.29
4,3,174683580,3,4,6,31294,7,15,25,4,102537247,58301,17.151
5,5,692131884,7,5,10,74528,10,3,22,5,40352287,42285,23.648
6,2,271230411,6,3,4,116828,13,21,31,8,122876453,24047,41.583
5,3,496313493,2,5,10,107676,7,25,9,2,114271882,59803,16.721
3,2,867015602,5,4,5,41936,4,13,21,2,79801550,37621,26.58
3,5,175407846,8,3,12,42754,6,31,2,5,78051224,46053,21.713
5,5,385024904,7,1,2,59555,5,10,4,4,52957822,31004,32.252
3,5,467309811,6,3,8,97465,4,29,17,7,130769620,51523,19.408
1,3,879880900,4,2,15,19147,2,27,4,3,74486510,32192,31.062
7,1,220393521,7,4,15,128329,12,19,9,6,72986988,52753,18.956
2,4,692593525,8,5,12,25287,6,11,25,3,91969517,53663,18.634
1,4,824819140,5,2,2,123221,4,11,12,3,110581344,29224,34.216
6,3,382889115,5,2,9,32902,16,22,27,4,80872527,54842,18.233
5,6,1047817361,8,2,7,84418,8,25,26,7,108477901,34210,29.23
7,1,234143864,4,5,15,73627,12,16,2,2,113314347,45735,21.864
4,6,1056661880,7,4,3,78710,8,7,3,3,73978555,36136,27.672
2,3,906045048,2,3,13,90912,2,31,4,2,43902909,34459,29.019
1,2,984893157,5,1,6,93863,11,31,20,3,113446750,38482,25.985
4,6,318600834,4,2,11,54639,14,17,23,4,53370837,41586,24.046
7,5,297757142,8,3,16,7941,7,32,10,6,85582583,41400,24.154
7,2,1019928740,6,2,5,28392,14,14,21,2,126585378,40481,24.701
1,3,17530159,8,3,4,67334,9,25,11,7,90215251,40915,24.44
4,2,410893836,2,1,9,76420,13,2,8,6,121020431,53331,18.75
2,5,987034502,3,5,13,70204,2,28,28,6,74850430,30210,33.101
4,1,1026500611,6,4,10,102786,10,12,26,5,64349944,43275,23.107
1,5,591877763,3,4,9,94930,2,25,15,6,109934998,43961,22.747
8,7,327871127,3,2,15,112952,6,24,32,3,94217703,42300,23.64
6,1,580149710,3,4,14,13197,13,6,21,1,63575266,23916,41.811
7,4,322875125,3,1,5,75484,3,8,26,7,118143646,58555,17.077
7,8,907062571,7,2,7,81262,5,14,14,7,131486158,37983,26.327
4,3,20637261,4,5,16,57279,5,29,26,8,85983163,44993,22.225
3,6,774100697,3,1,12,29846,13,31,3,3,98523106,42617,23.463
7,3,899097025,2,2,11,51023,3,23,29,4,55001509,21666,46.153
7,4,935050226,8,5,13,123426,13,3,30,6,103658175,53583,18.661
3,7,963885248,3,2,9,10071,11,21,16,3,41516246,37326,26.789
7,2,174731773,6,3,7,96302,3,25,21,5,52109493,34961,28.602
8,4,747077787,4,2,10,104010,15,6,19,2,126996593,46427,21.538
5,4,529763724,5,2,10,11642,11,17,23,3,90344857,40421,24.738
4,2,792322736,3,1,11,34631,9,7,14,4,100971511,38063,26.271
7,1,750163238,8,4,3,48138,8,22,28,3,85903959,29770,33.589
3,1,960476360,3,2,12,78956,6,7,20,8,124569240,27446,36.433
5,3,754795215,7,4,2,122552,2,6,22,2,62612894,51368,19.466
8,4,747597693,5,4,9,40602,12,14,14,1,121475030,47935,20.861
1,4,600040618,3,5,15,26033,8,21,16,8,124866287,26994,37.045
3,1,279423661,6,5,10,16601,5,23,31,2,69221659,40327,24.796
5,7,483835187,4,3,12,20860,7,9,25,8,33931137,52983,18.873
4,6,904242384,4,5,14,74923,11,12,4,6,67820176,63457,15.758
5,1,219624016,3,5,9,10276,11,28,12,2,90544822,58442,17.11
4,2,902054699,8,4,8,89519,10,8,6,6,53164200,27941,35.787
2,2,28806404,2,5,15,81512,11,15,31,3,97543241,55896,17.89
2,1,447611342,4,4,16,121072,2,31,28,4,126397480,28617,34.943
5,4,656031564,7,3,11,120428,11,28,4,2,131070518,59769,16.73
2,6,257457457,8,5,2,88466,4,11,31,4,111861210,60649,16.487
4,4,523134930,2,3,6,7528,3,27,29,4,53361708,68426,14.614
6,1,982808027,3,3,16,105194,2,29,10,1,130864726,25173,39.724
6,8,1067689219,4,1,5,64643,10,3,13,3,39709648,38153,26.209
7,1,57858504,4,3,5,53849,15,7,22,6,98194818,48265,20.718
7,3,997471895,6,4,7,25427,14,17,24,4,57870154,56036,17.844
7,7,487001282,6,1,9,36707,16,26,12,1,52985412,48938,20.433
1,4,1004183649,7,5,12,71315,14,11,26,1,110746381,49468,20.214
7,2,432056644,3,3,5,97794,6,27,31,8,101847015,40688,24.576
5,5,751979092,4,4,16,45755,14,28,17,8,129859014,24891,40.174
7,7,135445696,3,4,14,127613,3,26,16,7,77939589,28941,34.552
5,8,544226986,5,2,16,13200,5,32,14,3,125328029,52178,19.164
1,6,358850797,6,5,10,5824,10,7,2,2,35497294,25347,39.45
6,8,55991252,5,4,9,9683,14,29,12,8,81374289,44543,22.449
2,2,110144290,2,5,5,15001,11,2,20,4,41186966,49611,20.156
2,3,1002082469,7,1,11,55765,3,10,17,1,96977991,29670,33.703
1,4,60142333,3,3,4,28342,11,4,29,7,75356419,55992,17.859
5,4,889925642,8,1,6,116068,2,16,26,3,95888726,28827,34.688
6,6,820694888,3,2,6,38785,8,27,15,2,67171460,28955,34.536
2,7,1055515586,6,2,6,104861,16,6,24,3,100201837,16964,58.945
1,1,256805739,4,5,12,112853,9,8,13,1,49142627,40941,24.424
2,7,877201756,6,1,10,19245,6,11,10,5,92478071,29820,33.533
8,5,76193085,3,1,10,27931,5,26,13,4,99910362,60865,16.429
5,7,218032562,8,5,14,10498,12,31,14,2,62610348,70278,14.228
6,8,277057709,6,3,16,12732,11,4,14,3,69264162,36992,27.032
6,3,566565661,5,3,8,65098,12,22,2,1,116024545,59228,16.883
4,7,226774732,3,2,2,54029,11,31,31,1,94176673,49285,20.289
2,1,526852321,7,5,7,21778,14,3,23,4,90381685,62427,16.018
7,3,1006082607,3,4,16,105100,13,9,25,4,67881324,30597,32.681
3,3,710775732,2,4,7,63933,2,2,21,6,115316497,29478,33.923
7,5,322780130,6,1,16,47160,15,20,22,1,126865836,41462,24.117
2,8,659550124,6,4,7,71229,14,8,26,7,97599177,59571,16.786
1,3,265415566,5,2,6,56658,2,18,10,5,128308939,36797,27.175
3,6,722955177,7,2,4,25419,2,31,23,7,72571792,47637,20.991
1,4,144722645,8,2,10,82333,3,19,20,8,88854298,52651,18.992
4,1,501976185,6,2,3,28534,6,26,22,3,111399844,48352,20.681
3,7,351920084,4,1,11,21791,13,24,27,7,96225922,49001,20.406
8,6,188901995,8,5,15,121082,5,4,10,1,61325945,40538,24.667
5,6,149735050,2,1,6,102350,15,17,17,5,88520599,37626,26.576
7,6,922110556,4,5,13,74895,9,13,19,6,127534056,55100,18.148
6,8,546969112,6,4,11,121872,2,5,5,2,41346886,56204,17.791
7,4,492494590,2,3,8,61895,10,9,12,2,94206475,38726,25.821
3,4,390169777,5,5,4,93598,3,27,19,5,109001107,50441,19.824
4,8,598801790,7,4,6,33902,2,28,25,5,69677842,41263,24.234
6,4,1040789086,8,4,14,113283,8,10,8,3,122015270,53575,18.664
8,1,928486384,3,5,5,35629,4,32,11,2,111586720,48675,20.543
4,1,53211870,8,2,14,99452,13,29,10,3,111575443,48621,20.566
5,7,955591593,4,5,3,128999,12,27,16,4,34239636,34517,28.97
5,1,832002851,3,4,4,24497,4,11,18,6,36466063,53809,18.583
2,7,721349198,2,2,10,56114,7,19,25,6,72333739,46451,21.527
2,2,401114231,3,1,12,24488,15,3,13,8,110730192,33566,29.791
8,1,581120774,8,2,9,91165,16,11,13,2,36369061,37826,26.436
1,2,322414437,4,1,16,55921,10,10,26,2,65110033,53076,18.84
7,8,814040706,4,3,10,39592,6,18,31,1,75449289,49746,20.101
2,4,827951244,4,3,5,40916,15,16,6,2,83313575,64209,15.573
4,3,799877791,8,5,3,40137,4,5,20,8,103691308,65489,15.269
5,6,868651953,2,3,8,115491,4,3,20,7,33579480,47455,21.071
5,1,688103247,7,3,12,7837,16,13,27,7,90645528,29121,34.338
5,2,1038481677,2,3,13,125464,5,5,18,3,120996035,55445,18.035
6,4,338448717,3,2,4,22652,10,6,28,3,82482568,54464,18.36
4,5,932432974,7,4,16,106114,13,3,29,5,103324559,65499,15.267
2,5,730070788,8,3,11,28521,7,4,9,5,123654252,69634,14.36
2,8,163687163,4,1,12,34065,4,14,27,4,51324820,52137,19.179
8,8,554303588,6,3,10,24757,11,17,24,2,44878727,68210,14.66
5,2,346249276,2,4,13,120575,10,28,10,8,116296600,30204,33.107
3,4,389295782,5,2,10,109807,12,11,14,7,106591079,33767,29.613
1,1,488026514,4,3,13,62402,9,22,16,6,115566575,54824,18.239
7,3,347529841,3,2,2,21026,14,20,26,6,113427507,31193,32.058
1,7,973779515,5,4,11,112261,6,17,24,5,96452027,66309,15.08
1,4,725286749,6,3,8,123936,13,21,10,2,81436423,59188,16.895
5,1,869299363,2,1,4,126466,15,21,24,4,81569620,52663,18.988
2,7,313371042,7,4,2,64429,12,27,26,4,61166374,33478,29.869
6,4,1072353808,7,5,3,87687,15,3,14,4,106986639,33024,30.279
4,3,762138364,4,4,16,96641,2,19,32,1,101621578,28599,34.964
6,5,102845414,5,1,2,46565,12,22,22,5,78723212,34599,28.902
4,3,987623214,4,1,11,55811,9,25,17,7,34131099,45480,21.986
6,3,8848982,2,2,6,101118,7,2,32,5,111605043,27086,36.918
5,6,593242691,3,1,11,52928,5,31,32,5,34702709,61718,16.202
8,2,131870485,8,2,4,18637,8,22,23,2,119547751,47467,21.066
6,5,532546396,3,3,7,106607,16,13,23,2,110707165,44089,22.681
4,8,642731573,5,3,8,44862,11,23,24,5,114363128,62554,15.985
3,4,850300918,8,4,3,45739,11,24,27,3,67546375,53496,18.692
2,7,158079826,5,4,16,113884,10,25,27,5,110785268,42771,23.379
8,7,63867271,6,1,13,39401,2,5,29,1,48777786,47557,21.026
3,8,401667914,2,2,5,58648,16,24,16,3,101493222,51690,19.345
6,7,52133868,8,5,3,87535,7,29,28,5,120373421,49934,20.026
3,3,275455502,6,5,9,42323,6,22,20,4,36164533,29764,33.596
5,7,1036593576,8,2,3,36536,8,12,22,7,89645227,40623,24.616
2,3,617474765,2,4,9,78029,3,9,23,3,36675133,42090,23.758
3,4,271172600,3,1,16,15961,5,10,3,4,61085196,38765,25.795
2,3,405369845,6,5,3,72829,13,24,24,4,111066372,29471,33.93
8,6,78740533,6,1,10,57466,4,30,8,1,42934011,44724,22.358
4,1,670252587,3,2,14,5139,9,28,5,1,70334608,60173,16.618
5,6,953025884,4,4,12,71204,2,31,22,6,96206888,37197,26.882
7,3,804863601,5,3,8,32627,6,7,4,1,119838074,30035,33.293
8,4,513954892,3,1,8,125271,11,10,7,2,72316965,40630,24.611
2,2,761482144,5,2,12,90836,11,25,30,1,102834099,24686,40.507
4,6,221605287,4,5,16,68527,6,7,6,4,75710665,28146,35.528
2,1,964154381,4,2,5,45104,13,12,3,4,53760797,28806,34.714
8,7,880946753,4,2,13,58701,10,32,25,1,75573168,37969,26.336
1,5,939074379,7,5,6,6676,8,14,6,6,131971666,45122,22.161
3,8,427382889,7,3,13,12558,16,26,5,5,67981892,26141,38.252
1,4,516451576,3,1,11,95590,9,29,32,4,133218886,35565,28.116
7,5,262615974,6,4,10,60368,8,19,24,6,75845506,34062,29.357
5,2,497127938,5,4,15,100077,16,16,32,5,86037530,36403,27.469
1,8,553665643,5,5,7,29162,7,7,14,6,87483179,45276,22.086
1,6,150412130,4,3,13,49747,15,16,32,3,64483955,42877,23.321
2,5,357152172,5,2,12,126088,10,11,15,6,109879509,43282,23.103
5,2,669057469,6,2,15,108042,16,31,13,5,97774846,30146,33.171
3,4,489294844,4,2,6,50037,7,28,32,1,43157879,53325,18.752
3,4,952561389,3,2,5,46262,11,20,31,2,64107173,22162,45.121
7,2,226402606,6,1,11,78977,5,16,20,3,117395582,38942,25.678
7,6,916636928,8,1,12,27147,3,23,32,7,120926730,39260,25.47
4,4,867598481,5,2,2,30655,12,31,15,6,122090037,51479,19.425
3,2,896629234,6,4,7,13380,16,4,11,7,40871750,40831,24.49
4,4,474000945,6,1,9,97620,13,14,16,8,78717449,59495,16.807
4,8,834700004,2,2,9,11178,11,8,27,8,40580329,41940,23.842
2,6,598260517,2,5,13,52958,4,13,32,2,120362146,45862,21.803
1,2,940909205,5,4,2,91923,8,15,19,5,125553474,57610,17.357
2,4,224149329,2,4,7,57824,9,25,2,8,128578499,54437,18.369
2,7,303620980,4,1,13,86794,13,3,11,8,75192000,39791,25.13
7,5,56176795,2,1,5,4463,15,10,23,6,102606481,40310,24.807
4,3,584814983,4,5,12,88563,8,9,32,2,68051290,27025,37.002
3,8,647908406,5,4,12,117123,12,28,22,6,103622127,42907,23.305
3,6,300344184,3,1,14,89664,12,13,27,3,74596292,52625,19.002
5,1,71960370,8,2,2,129411,12,16,17,8,64070480,56891,17.576
1,8,379745770,8,1,7,31117,3,20,14,8,33665179,50451,19.821
8,5,222531447,8,4,9,125924,8,9,20,7,94502089,30897,32.364
8,6,127216250,3,4,2,10407,15,23,31,7,88327536,38052,26.279
1,2,585140671,6,1,12,67801,5,27,3,7,40133451,37244,26.849
4,8,194050846,8,1,7,99538,11,28,28,7,68511471,42138,23.73
3,4,353381468,6,2,7,62009,11,20,5,7,55817637,47910,20.871
3,6,261911774,2,3,14,26720,13,28,4,8,53664437,44390,22.527
1,5,267074717,8,3,3,81728,8,31,32,2,100121552,34530,28.959
7,7,478396995,2,2,8,92569,4,12,17,6,54716947,39372,25.398
6,6,71737932,7,4,14,83913,2,29,13,7,127948078,56652,17.651
1,5,678080112,7,2,5,44186,2,7,30,6,77659953,29268,34.166
7,8,661711082,7,2,6,41224,8,28,18,3,36190795,61395,16.287
6,6,575416394,7,3,8,109270,11,29,12,2,94578680,32026,31.223
6,6,129897737,5,5,4,119609,6,7,31,8,110123363,40542,24.665
5,8,467428189,3,3,2,116975,12,8,27,6,58859604,20827,48.013
7,7,188367076,7,4,4,33059,9,6,28,4,127789466,29079,34.387
4,3,963721734,7,5,7,53099,16,6,22,2,36001215,48204,20.744
1,7,958329086,2,1,6,27724,2,27,29,5,91337163,59778,16.728
2,6,901028564,8,2,9,55739,9,10,22,5,38110563,25143,39.771
1,7,674408949,8,2,12,30956,2,26,10,1,126689851,36285,27.558
4,5,327923287,8,3,5,63939,2,30,6,3,102882605,44194,22.626
5,7,502437769,6,2,6,73096,8,3,6,5,47049003,32401,30.862
5,7,484947426,4,1,2,62978,7,26,14,1,96369939,40097,24.939
2,1,719433630,4,2,8,56134,7,5,24,8,39511185,30413,32.88
3,4,526345747,3,1,13,95393,15,14,8,2,41400519,35157,28.443
3,2,47666491,4,1,16,58921,13,23,4,6,111177090,37820,26.44
4,5,259104680,3,2,14,53747,6,20,29,5,61018370,39766,25.146
1,3,97577647,3,1,9,57060,8,31,29,1,80342655,59178,16.897
8,7,473876444,5,3,6,86597,10,9,13,4,54872729,35744,27.976
6,1,706070079,3,1,7,61720,9,31,27,6,44270005,50117,19.952
6,7,752878827,4,4,10,20550,7,18,2,3,37050872,29316,34.11
2,2,610662861,8,5,4,114071,7,28,2,1,34691993,39092,25.579
6,8,948627227,8,4,5,88186,8,18,2,4,39054362,27807,35.961
4,7,158613303,7,2,3,120612,12,29,26,6,47060620,23812,41.994
5,4,529048699,4,5,10,14844,4,8,28,1,46789361,26387,37.896
5,8,283046856,3,4,10,17415,5,21,13,2,81852872,37509,26.659
2,2,1028433608,6,4,10,74505,12,3,9,5,100165460,28304,35.329
2,1,597571984,7,1,7,44619,7,15,22,1,97546984,52550,19.029
6,6,427533521,8,5,16,65938,12,14,14,6,38560919,46226,21.632
7,7,839546188,7,1,14,84788,16,29,19,8,105827826,30680,32.593
7,6,893208170,4,3,6,104133,16,30,8,1,64680536,23646,42.288
3,7,413135671,2,4,11,82565,3,9,26,4,107646395,24064,41.554
3,3,870571354,7,2,5,5066,6,8,14,2,78759808,31979,31.27
8,2,680456390,2,3,13,38436,2,23,11,6,54760044,34055,29.363
1,2,428984405,3,3,6,104785,6,21,21,1,97920241,55726,17.944
2,2,849614048,6,4,6,28031,5,31,18,8,130450062,47984,20.839
5,4,146655557,8,1,6,51037,14,9,29,4,115541178,28993,34.49
2,2,738097251,7,5,15,28312,8,23,26,5,50250556,37890,26.391
6,5,281904879,5,2,15,13896,2,4,8,7,50583192,23374,42.78
6,5,541533646,3,1,5,77775,8,31,3,1,113103387,30021,33.308
