max_background_compactions,max_background_flushes,write_buffer_size,max_write_buffer_number,min_write_buffer_number_to_merge,max_bytes_for_level_multiplier,block_size,level0_file_num_compaction_trigger,level0_slowdown_writes_trigger,level0_stop_writes_trigger,target_file_size_multiplier,target_file_size_base,ops_per_sec,micros_per_op
7,7,699540402,2,2,14,6789,11,18,20,1,90635606,1462790,0.684
5,4,773748442,3,4,11,104260,5,6,5,7,93378751,1156778,0.864
1,3,400461097,7,4,11,40639,2,25,22,1,125435571,1866131,0.536
3,8,438307510,2,2,16,83928,16,28,12,2,65483015,1778071,0.562
5,2,171685661,6,5,16,115552,16,6,26,8,75061142,1624162,0.616
8,2,717202909,5,4,4,27051,6,25,25,2,67456478,1737800,0.575
3,3,596062862,5,5,5,64194,8,6,7,2,92453919,1807798,0.553
3,2,332174424,7,4,14,5791,7,13,29,1,95685184,1806113,0.554
5,2,1040120050,4,5,5,113178,12,6,27,5,63816949,1702142,0.587
5,2,419262395,6,5,4,77362,7,3,26,4,68698054,1608482,0.622
5,1,564928490,6,1,12,110064,9,4,19,3,58209310,1358378,0.736
8,8,300599142,8,1,6,118746,7,2,18,1,66366171,2053004,0.487
2,6,85695971,4,4,3,11264,12,21,12,2,79968886,1891120,0.529
3,8,324300809,8,1,7,113675,10,5,19,4,108661087,1853114,0.54
6,8,860317655,7,5,13,122509,13,24,10,8,64973125,1626815,0.615
8,5,413237945,6,5,15,49405,9,6,5,7,45363139,1694570,0.59
8,2,170045331,8,4,11,40573,6,6,17,3,73666714,1630749,0.613
2,7,606742418,2,4,13,70335,4,29,3,1,126303338,1564159,0.639
2,1,23385413,7,4,10,62033,7,11,32,5,81702267,1212478,0.825
1,2,493488168,6,2,4,82798,5,28,32,5,94867228,1675858,0.597
7,1,666171780,7,5,10,99457,15,4,11,2,102992834,1245897,0.803
4,2,1024418057,3,2,6,105772,7,28,10,2,61612508,1727002,0.579
6,7,1037997685,4,4,5,48535,14,29,7,8,40035490,1364559,0.733
5,6,761108544,3,3,7,11107,15,29,2,4,54539758,1669017,0.599
5,2,788141741,4,1,15,123057,12,27,18,4,85908106,1692923,0.591
5,6,640766838,5,4,2,122849,4,15,19,3,33998165,1460604,0.685
5,3,764028477,4,4,13,48069,10,14,10,3,62157022,1630159,0.613
4,5,301858798,3,2,7,81459,9,29,12,3,131246674,1361235,0.735
4,6,836312426,8,1,14,54334,9,4,18,5,88716249,1628932,0.614
2,8,409586909,3,1,9,11746,5,30,6,3,103112647,1866124,0.536
1,2,334714861,6,3,11,29609,4,2,18,1,64310097,1448813,0.69
7,3,799905464,5,1,6,62245,11,23,10,5,118156399,1654903,0.604
6,8,285208528,6,5,2,5256,5,12,2,8,119011668,1624244,0.616
7,7,961862039,5,5,14,120275,11,25,29,7,70206943,1559155,0.641
5,1,810644798,7,3,7,86629,7,12,10,4,72255955,1856041,0.539
2,1,232233037,3,1,10,50468,7,7,22,2,56623466,1540179,0.649
5,8,424869290,5,2,8,90191,6,4,22,1,54303014,1577005,0.634
1,8,370472304,7,4,14,105856,12,7,20,2,58759387,1740398,0.575
7,6,779942493,2,5,14,33164,10,28,16,8,114184454,1603640,0.623
3,1,1004672056,5,3,12,128145,2,8,11,1,42720519,1533013,0.652
5,5,700701162,6,3,9,123343,7,25,6,3,65547785,1959620,0.51
2,7,1040650293,4,4,11,104963,3,14,23,8,83881387,2053160,0.487
8,7,672174263,4,2,14,59974,15,9,10,2,46710563,1529964,0.654
1,5,106137485,5,2,6,92554,10,28,22,7,77150340,2011562,0.497
2,6,462153318,2,2,6,124031,6,12,10,7,94830356,1281489,0.78
8,7,953949861,3,5,5,75808,9,21,3,3,48988092,2018310,0.495
8,4,912017365,2,4,5,22230,11,11,20,5,46926170,1536185,0.651
6,5,427882755,8,5,13,41139,6,27,25,1,94926623,1621100,0.617
6,6,309161945,7,3,10,100753,2,14,20,7,61682063,1868163,0.535
4,5,841179843,2,1,14,61336,5,5,17,4,91198321,1561931,0.64
4,2,76812212,4,4,11,63343,16,13,24,2,118726191,1691726,0.591
1,2,173857228,6,4,14,8009,2,2,26,5,50168242,1441090,0.694
5,3,579482779,3,3,11,111687,7,29,14,7,96338749,1439453,0.695
4,5,146886893,7,3,12,17302,4,24,2,6,118521517,1939205,0.516
4,3,807347768,5,5,10,13891,2,21,16,6,110376514,1446809,0.691
8,7,679955186,2,2,5,52641,15,26,32,2,66257855,1659585,0.602
2,6,819019837,8,4,6,35025,6,31,21,4,105257764,1549143,0.645
3,7,789098539,2,3,13,97878,13,11,19,7,69882391,1932053,0.517
5,5,881993809,4,3,3,73016,12,10,3,6,68918647,1578220,0.634
1,5,568494441,7,4,4,10613,14,21,14,2,52479162,1598281,0.626
3,5,142789562,4,2,3,9915,8,16,14,8,47907869,1949644,0.513
8,1,894017330,4,2,3,57301,10,26,12,3,80408473,2187044,0.457
5,7,126401522,6,2,3,29306,16,19,5,3,69021739,1719912,0.581
2,8,767272793,6,1,3,93784,10,2,13,7,59493778,1749545,0.571
3,4,956735218,8,3,4,40613,3,18,17,1,38801503,1779996,0.562
5,2,734952934,8,3,4,111284,3,31,5,4,85487060,2040649,0.49
2,1,628638552,3,2,7,118583,12,5,6,2,74311351,1997834,0.5
3,1,454998617,8,3,9,4577,3,12,12,5,87753559,2164727,0.462
5,6,108229485,7,5,2,87158,2,5,8,8,97387651,2163420,0.462
1,6,469125638,3,5,5,28294,10,32,4,3,95017259,2068594,0.483
7,4,114178202,7,1,9,77625,14,9,13,2,38324550,1910595,0.523
5,4,364334345,2,3,14,11274,10,20,32,4,60117223,1741620,0.574
6,1,1032767638,7,3,9,97755,7,13,14,5,62942717,1795941,0.557
2,7,694808174,8,3,2,22545,14,21,24,8,69066084,1649302,0.606
4,5,1028633774,4,3,7,7707,7,22,21,3,106189625,1754906,0.57
3,8,873820341,5,2,4,49318,2,27,23,2,85487060,1264705,0.791
7,3,1000329292,3,2,5,78926,6,15,21,6,127490374,1359765,0.735
7,8,572337115,8,3,8,76427,5,3,9,8,40862080,1033513,0.967
2,6,441084658,6,2,3,14907,15,13,3,5,45296142,1016088,0.984
7,6,765793603,3,1,9,43207,14,11,27,8,115948077,1382733,0.723
5,8,194660888,4,2,8,63589,7,9,17,1,101952402,709223,1.41
4,8,78587484,4,2,16,110198,2,9,24,6,43791746,555397,1.8
6,5,457641838,6,4,14,117207,4,28,12,8,46606849,1147007,0.872
5,7,823176403,2,4,13,70289,10,13,26,2,41171873,1656976,0.603
1,1,581472167,4,5,11,87512,7,3,26,2,95598838,1599526,0.625
1,3,241841490,5,2,11,130375,13,21,32,1,121969396,2171939,0.46
7,1,881837068,3,2,15,82203,4,27,27,7,105778532,1810521,0.552
5,1,161268658,4,3,9,39566,12,21,30,7,96227033,2006726,0.498
8,3,860183576,2,4,6,38161,3,21,10,6,110185053,2023369,0.494
2,7,1058158101,2,3,8,12185,2,10,12,8,80994168,2218701,0.451
3,6,271563030,3,2,6,88638,5,13,23,4,51487291,2722607,0.367
5,7,592932444,5,4,11,107313,6,13,11,8,94603695,2377917,0.42
8,8,382162984,2,5,10,84811,6,24,2,7,33930302,996013,1.004
2,7,825254212,4,2,6,101400,10,7,10,2,106763085,2192761,0.456
6,3,278857139,6,2,7,37640,12,26,17,8,67591399,1323213,0.756
1,5,861897421,2,5,15,88642,6,24,22,2,71232771,1767908,0.566
7,2,407767678,3,5,13,9148,10,9,19,6,83355546,2289581,0.437
7,2,181037708,5,2,5,35903,4,21,10,1,83778558,2465768,0.405
4,8,400738410,6,4,10,108004,14,21,4,6,109718804,2542342,0.393
4,3,777415067,4,4,11,126274,3,22,30,6,120067333,1302546,0.768
2,6,83344062,7,1,8,111071,4,23,20,8,129773954,2581171,0.387
2,2,848795060,8,5,16,41954,10,30,11,2,57694628,1946248,0.514
1,6,222151834,7,3,9,85116,9,29,26,2,78698010,1530971,0.653
2,7,510581115,7,4,15,95089,12,22,19,7,98147381,2183391,0.458
6,4,846662348,3,1,10,19445,16,13,27,3,59469222,2564556,0.39
1,6,681123250,2,2,6,113842,16,12,16,8,71705863,2584326,0.387
2,2,781190111,7,2,3,94065,2,9,4,4,47878510,2334000,0.428
3,2,87312436,4,3,12,58266,11,22,19,5,130639432,2347550,0.426
1,7,906170675,4,4,3,65894,14,14,7,7,95532850,2662194,0.376
4,1,1050507209,5,4,13,56464,12,23,17,3,58744479,2566880,0.389
8,2,281786555,8,4,10,80530,13,5,26,3,100858739,2751796,0.363
6,1,244510211,7,4,14,68611,9,30,11,3,123506751,2766381,0.361
7,2,891487995,5,5,14,22649,4,12,19,1,90594237,2531587,0.395
7,5,328130748,8,4,11,119884,9,13,3,1,80597149,2437068,0.41
3,8,775399543,3,4,9,85085,5,24,25,8,62589464,2812251,0.356
4,2,575593412,5,2,4,11356,13,6,17,1,82307628,2475474,0.404
1,2,238613283,5,2,15,96586,2,25,4,6,74290622,2217850,0.451
8,6,330978753,4,5,16,27033,4,12,7,7,86770871,2400147,0.417
5,3,382573317,3,3,4,25951,10,5,26,4,102243674,2749821,0.364
6,4,638445556,8,4,5,69223,15,24,7,4,35133777,2024471,0.494
3,7,615910701,4,2,8,38452,16,14,24,1,91870173,2438798,0.41
6,8,736165964,4,1,2,115507,3,12,32,7,126888750,2407799,0.415
4,6,88042016,4,3,8,67010,4,27,32,4,41683530,2377533,0.421
5,6,1024921888,2,1,6,98635,9,20,9,2,88819700,2531632,0.395
2,8,1053225955,3,2,10,80019,9,7,22,7,92487537,2397443,0.417
4,3,87548523,6,2,13,101964,6,31,21,7,71380419,2047011,0.488
3,3,389181707,8,5,15,104253,13,19,32,3,91738334,1315576,0.76
5,1,133845072,8,1,14,60637,2,8,20,4,44989354,2114214,0.473
6,8,322854967,3,4,7,90905,4,13,15,4,93059660,2100302,0.476
3,8,767493949,2,1,7,40688,10,28,32,5,41694573,1580482,0.633
4,6,795498336,5,1,9,74260,8,14,17,2,49342718,1906461,0.524
5,1,822573522,8,1,4,108938,14,4,7,3,49567711,1885913,0.53
2,7,759985917,5,1,14,119020,3,14,30,4,65651951,2069300,0.483
8,5,212737151,7,5,12,9598,6,7,4,8,69166856,1860884,0.537
3,4,21710955,2,2,7,8950,8,28,32,2,39061914,2221111,0.45
2,5,705669720,4,5,11,43002,4,5,26,5,62234140,1500566,0.666
8,8,864133464,4,4,9,54462,14,4,31,7,97955377,1613525,0.62
6,3,139201427,5,1,14,55956,11,18,32,6,86673543,2225456,0.449
1,4,499733256,7,1,5,54780,14,28,27,3,49363018,1521252,0.657
6,3,558770288,5,3,14,74832,8,27,20,5,75305942,2206862,0.453
8,1,877600632,2,2,3,115285,15,15,12,5,64719733,1646377,0.607
4,6,988431619,7,5,12,123738,7,6,19,8,58329499,2412888,0.414
2,3,505390681,6,4,13,54206,9,3,7,4,85481398,2262402,0.442
1,8,644728961,4,4,14,87765,15,9,26,2,49401701,1745130,0.573
6,8,921875816,4,5,4,89322,2,4,12,4,63512920,2531530,0.395
1,5,101099359,3,3,2,50775,2,15,15,7,110194168,2560163,0.391
4,1,551197370,6,3,4,77346,9,14,7,1,91852374,1583774,0.631
3,4,327225225,4,4,14,130679,5,10,30,5,94429333,1567985,0.638
6,2,514337862,6,4,9,92774,4,24,31,1,131916987,1903003,0.525
3,4,333319676,8,1,4,30034,8,27,25,7,103488205,1500226,0.666
7,1,151773390,4,4,8,62772,14,9,18,2,115239869,1149268,0.87
6,7,465258027,7,2,9,51004,7,2,2,6,133684293,1394931,0.717
6,8,142716668,8,2,7,90214,3,17,13,2,122400310,1971748,0.507
8,2,593115191,6,5,13,52974,3,15,21,7,114519821,1596737,0.626
7,2,923185713,2,2,3,123113,11,21,19,7,46633874,2051707,0.487
6,4,182008886,7,3,6,103425,7,31,27,4,51876128,2492864,0.401
4,1,32470248,4,4,15,107015,14,29,31,5,51055563,2109735,0.474
7,7,913466429,8,5,9,24109,8,20,32,6,75947425,1902935,0.525
4,1,965221275,8,1,8,46749,5,31,9,1,56877086,1935025,0.517
6,3,738848149,6,4,2,65677,2,27,5,5,87798577,2231843,0.448
5,4,719426593,7,5,16,109166,10,23,24,3,54017161,2437752,0.41
5,5,310707265,4,4,7,4208,9,25,14,6,45489915,1750151,0.571
4,3,200726846,7,2,8,16650,4,17,21,2,62717546,1965238,0.509
6,8,748318460,3,5,6,127760,12,18,16,6,43655764,2025689,0.494
2,8,742153703,3,4,3,67343,14,16,16,8,133549898,1822213,0.549
3,6,96411176,2,1,10,123168,13,23,4,3,82885287,2240208,0.446
4,3,999300899,4,5,9,42660,8,21,2,8,102571619,1831481,0.546
8,5,467447588,5,4,7,94969,9,3,15,5,106769828,2237612,0.447
6,1,190347849,8,4,15,7224,11,12,2,2,100102482,2314268,0.432
8,8,640436008,5,3,8,75167,11,10,16,4,129566826,2341816,0.427
3,1,674721859,8,3,10,19743,7,2,17,6,102331996,2099195,0.476
8,4,860422209,2,2,12,66804,2,2,7,8,132040630,2419661,0.413
6,5,15607643,3,3,11,12683,7,9,15,2,91099142,2049008,0.488
2,7,694837621,3,5,6,53088,5,18,24,4,120095854,2283000,0.438
8,3,778251965,8,5,9,47908,13,11,14,1,111759385,1868418,0.535
1,2,225245635,7,3,16,79111,10,21,18,6,120703528,1919430,0.521
5,5,670530355,3,2,10,52387,14,29,6,5,78720802,2232187,0.448
1,2,822875048,7,1,2,65583,14,23,24,5,97205692,2292594,0.436
2,4,295788205,4,5,11,31185,13,22,26,3,78946882,1912663,0.523
7,5,420971200,8,4,2,74846,14,4,5,1,131428691,2085892,0.479
1,1,1056136987,3,2,9,86557,7,25,6,4,68444744,2398248,0.417
8,6,116559601,4,1,3,49906,2,5,27,6,128095259,2162989,0.462
4,3,649885143,4,1,14,68336,8,8,31,1,49055669,1769588,0.565
1,4,799360046,2,3,8,56424,13,11,27,1,86725281,2151759,0.465
6,8,459835561,7,4,11,105734,6,19,16,3,89318157,2154095,0.464
8,8,233560010,5,4,12,107108,9,18,8,4,98246961,1332739,0.75
1,5,219626293,4,3,13,79763,2,27,18,2,99828647,2363993,0.423
4,2,372770471,6,5,13,67885,4,17,17,7,107777802,2137295,0.468
5,5,593282914,3,4,3,26052,6,30,15,4,91184880,2313433,0.432
5,5,264541120,4,2,10,64427,16,14,5,1,37828283,2624651,0.381
7,7,480970520,4,1,9,116576,4,4,25,4,93314482,2257687,0.443
2,7,597208961,7,5,12,14987,5,25,7,5,109138447,2383983,0.419
8,6,94263389,8,4,10,66944,5,8,25,8,131412083,2620565,0.382
2,8,876554872,8,4,6,81110,6,27,29,4,89495991,2328196,0.429
6,2,193282064,5,2,11,46899,15,28,28,4,57000221,2408321,0.415
2,8,1021315447,3,4,14,19935,14,11,3,2,55573416,2016063,0.496
4,1,325136783,2,2,9,16865,10,18,25,5,41357870,2079443,0.481
7,4,937767764,7,3,16,91297,12,10,2,4,119557900,2083107,0.48
6,5,623071739,8,5,5,87958,9,2,13,5,125253558,2070449,0.483
3,3,1050518887,6,1,5,72229,13,11,22,2,93478627,2345694,0.426
8,5,732485325,7,2,3,77887,7,26,29,4,41150675,2373121,0.421
7,3,291027186,5,2,2,69349,10,14,6,2,114630652,2456115,0.407
4,2,911984089,7,4,4,24326,13,18,23,6,85892178,2362167,0.423
2,4,207183418,6,4,15,90438,13,18,17,8,49032357,2262433,0.442
4,8,1005951389,4,4,5,126170,5,14,14,5,121026481,2120036,0.472
6,4,353975447,3,5,15,101034,9,30,2,3,86700844,1519687,0.658
4,1,55671157,6,5,4,77560,13,24,21,5,133473251,2057858,0.486
4,3,466494175,8,3,2,96054,11,14,14,6,108931592,2320024,0.431
1,2,104805624,8,5,8,105239,7,15,13,5,122628449,2222488,0.45
5,5,163055056,4,1,7,28558,16,9,25,6,73599889,2439298,0.41
1,5,484489963,3,4,15,61742,5,21,11,2,115809977,2283073,0.438
8,2,424572240,2,1,9,48273,9,11,14,4,97946629,2332486,0.429
7,4,238837147,5,4,15,82386,12,30,6,6,127575340,2164258,0.462
3,3,742148133,8,4,16,108056,15,15,20,4,124941265,2286351,0.437
1,2,282445800,8,1,6,102273,13,11,26,6,92458447,2328988,0.429
2,1,1003710829,3,1,16,109496,8,13,31,8,124484061,2390120,0.418
8,7,512657827,4,3,10,64325,11,2,12,8,99190404,2104248,0.475
7,3,616751174,2,3,2,73180,3,23,11,6,73275672,2046663,0.489
8,6,537298990,2,4,6,115648,3,17,26,7,61191183,1974715,0.506
7,3,820607684,5,2,14,18826,15,3,5,8,116118499,2190278,0.456
8,1,480249265,4,1,10,86939,8,10,8,6,118529883,1640818,0.609
5,5,61959547,2,2,2,104303,4,24,6,8,107527774,2018456,0.495
6,2,1042064999,2,3,16,74953,2,2,4,2,131415595,1852479,0.54
5,8,1006839510,6,5,15,117305,9,3,22,3,40586136,1112024,0.899
7,5,434312844,3,4,5,8296,15,21,30,7,46117512,2102952,0.475
7,5,67198725,2,1,4,98263,13,11,31,3,36529782,2187872,0.457
8,6,835157915,7,2,14,87484,15,32,28,5,65204688,2176761,0.459
1,5,599928762,8,1,4,75011,3,6,8,7,37617006,2161456,0.463
2,3,343196355,6,5,8,26753,7,31,30,7,104163283,2340758,0.427
1,1,418598511,2,2,2,88738,7,9,17,3,87768688,2073166,0.482
8,4,205227448,6,5,7,39497,2,30,2,2,76756639,2293967,0.436
6,5,1000811309,8,5,15,5576,15,11,26,4,65421769,2514730,0.398
2,8,9087826,8,5,4,100265,16,17,32,6,121860587,2492721,0.401
4,5,209180290,5,4,9,113091,6,26,14,4,69075562,2228933,0.449
3,4,329111114,2,3,9,9942,10,18,9,5,60088619,2045700,0.489
6,6,665991228,6,3,16,10659,7,28,28,3,122149803,2393226,0.418
3,1,151310790,5,5,7,53993,16,18,11,5,83583238,2271044,0.44
3,3,341664260,7,3,5,109933,5,2,12,5,49751432,2433468,0.411
1,1,619624674,2,2,16,36640,2,13,9,5,131692847,2299759,0.435
4,7,860548284,3,4,8,52711,5,15,10,6,100908466,2344572,0.426
1,4,513182382,2,3,14,111307,2,7,26,8,50890358,1915613,0.522
7,5,169445310,7,1,6,97904,3,14,3,5,108531026,2017092,0.496
6,5,248696254,2,1,3,103438,12,17,18,4,81570534,2063348,0.485
5,8,13017871,3,1,3,64003,5,7,26,8,80727611,2413628,0.414
8,6,246063780,7,1,6,38180,16,23,31,6,101688548,2377290,0.421
6,7,230729851,4,4,6,108785,9,27,9,5,117007293,2393186,0.418
5,8,900081152,8,1,15,90604,5,14,12,4,114185215,1625947,0.615
2,2,421821747,6,2,14,125763,8,15,17,7,59666841,2102713,0.476
7,6,418020315,6,4,14,22394,3,5,30,2,120864917,2418256,0.413
4,7,364177388,7,4,5,92300,15,21,7,7,132398803,2182386,0.458
2,6,976328106,2,3,4,54917,6,19,9,1,106569164,2124008,0.471
4,4,244944153,7,2,9,75436,9,9,13,5,105535108,2468867,0.405
5,7,290402702,2,1,7,127642,8,3,25,1,73829784,2304391,0.434
2,4,865510657,3,3,15,77566,4,22,4,6,51481232,2395100,0.417
6,4,307792268,2,2,4,68051,14,10,3,4,33982663,2161685,0.463
2,8,701556820,7,1,9,4705,5,2,18,8,58597184,2122551,0.471
8,5,161290937,6,3,13,13666,14,18,23,2,111691622,2235566,0.447
6,3,688355946,3,3,16,12430,13,26,22,7,110121962,2384057,0.419
8,7,126790435,6,4,10,121565,15,20,11,2,126612265,2331839,0.429
5,8,314514776,3,5,15,6227,3,30,28,1,92026649,2191828,0.456
6,4,67532407,6,1,9,40642,7,17,10,8,63697631,2279067,0.439
3,6,626410173,4,3,11,78346,5,18,7,8,109243684,2191555,0.456
5,5,921620995,7,1,12,42958,5,13,5,3,100437972,2112673,0.473
8,4,71667967,6,1,12,59186,12,29,21,2,126960058,2286388,0.437
8,4,564030244,5,3,14,38004,2,17,25,8,39163203,2199876,0.455
4,1,498088878,6,4,11,83637,15,8,31,1,130014731,2191199,0.456
4,1,180413465,5,2,14,122632,15,10,13,8,69998189,2188466,0.457
3,6,75310094,4,2,6,55074,15,24,28,2,84050369,2160755,0.463
1,7,99625316,2,4,14,32804,7,12,7,7,48066770,2213231,0.452
2,5,893175719,6,1,10,102845,11,16,9,2,47433772,2643244,0.378
5,2,473889312,6,5,7,88842,9,31,21,1,33800376,2232895,0.448
3,5,874304361,3,2,13,68297,3,12,28,3,82150080,2188782,0.457
1,6,465704827,6,1,9,114422,13,27,11,4,103160288,2138698,0.467
5,8,924898973,4,5,2,96125,13,25,29,6,114898275,2214118,0.452
8,7,991471529,2,5,15,27982,3,3,11,7,47446514,2425253,0.412
5,6,480709057,6,5,15,17335,9,5,10,1,100466161,2122497,0.471
8,6,587426814,4,5,14,119856,10,22,6,7,109014223,2221190,0.45
5,8,559765573,5,2,7,116268,2,20,17,8,49899222,2222182,0.45
1,4,1024855994,2,1,14,104200,6,20,4,5,41596635,2255676,0.443
1,5,468212231,6,3,12,97062,15,30,8,1,98460696,2220968,0.45
8,6,817808018,5,2,4,127564,16,27,11,4,72816406,1472949,0.679
2,7,151410362,6,4,2,51997,7,21,5,7,126843694,1904613,0.525
2,6,336630825,6,3,12,9162,10,6,9,7,62693825,1500836,0.666
5,4,752723109,3,1,13,44000,2,8,7,8,50013308,2017210,0.496
3,6,340595847,8,4,11,89463,10,17,2,8,120445278,1730684,0.578
3,6,93075973,8,5,12,77125,15,22,8,7,101247501,1953914,0.512
5,6,903225872,6,1,7,31554,9,2,27,1,111678313,2197657,0.455
3,4,628819970,7,3,5,98476,4,25,28,6,102754917,2083342,0.48
1,7,833030641,3,3,15,66256,3,4,31,8,42308086,2163434,0.462
3,4,1071608858,6,3,13,9344,7,18,24,5,76945080,2210105,0.452
6,3,667250555,7,1,16,113427,4,5,19,4,76465004,2223803,0.45
7,1,602621533,7,5,15,43187,12,2,10,3,115168808,2386071,0.419
5,1,1009389198,6,3,7,110666,10,29,24,5,126928693,2441918,0.409
3,4,258514033,7,2,5,60406,2,25,6,3,82905358,2300426,0.435
5,6,438784029,2,5,11,41809,7,9,19,6,132733643,2438935,0.41
6,5,421823164,6,1,5,20927,13,16,22,5,119807225,2466206,0.405
6,5,948043727,6,3,6,84022,5,6,14,1,42706354,2100650,0.476
6,7,271508296,3,4,13,18803,11,14,32,6,98489788,2240580,0.446
2,6,553082093,8,2,10,118316,8,25,6,3,34485196,2397041,0.417
7,7,202178864,5,3,11,114792,8,7,27,7,35682570,2448070,0.408
5,1,994877450,7,5,14,81600,11,7,15,3,98865890,2409475,0.415
2,5,788055499,7,4,13,119386,14,26,9,3,131704443,2341909,0.427
1,2,368611980,7,4,12,107736,6,6,13,6,108702586,2245238,0.445
6,5,957863389,3,4,10,42684,7,31,19,3,107022551,2008863,0.498
3,8,192688921,3,3,4,41193,14,25,14,5,97756980,2237381,0.447
4,4,603024319,7,2,11,90566,8,16,4,5,122380684,2349778,0.425
7,8,899250082,6,3,16,9341,10,32,23,4,39084357,1270809,0.787
5,5,219801778,3,5,15,11277,16,17,18,5,71360934,1105315,0.905
3,3,561653347,3,1,7,4660,14,11,24,2,106841143,1260291,0.793
1,4,64510712,5,1,8,102388,7,22,29,4,117805894,1491642,0.67
3,3,271142885,3,4,5,124508,6,19,21,3,47308996,1286342,0.777
8,3,789632211,8,5,14,47825,8,12,31,1,45654063,1916553,0.522
3,3,634415266,4,1,5,122747,16,19,18,2,93304876,1774443,0.563
7,8,585916133,6,1,12,97104,6,7,15,7,38173111,1799305,0.556
3,7,643366281,8,1,9,38281,3,17,30,3,82414599,2450956,0.408
4,2,765715137,4,5,4,56092,10,32,6,8,91629217,2332459,0.429
6,7,148658367,5,3,11,68434,8,19,21,8,105768354,1591370,0.628
6,5,452235335,3,2,12,31790,14,19,12,7,83556547,2626009,0.381
5,6,8463213,7,3,8,58965,7,18,5,4,47858808,2126438,0.47
7,5,1034489987,8,4,4,110332,2,19,8,8,65515391,2351087,0.425
6,7,673876958,3,5,5,80315,6,7,13,5,76613613,2039363,0.49
3,2,949064544,6,4,3,77436,12,8,2,8,78328284,1418059,0.705
4,5,261885988,4,2,9,4902,14,6,2,1,58606533,1103714,0.906
5,5,52004709,7,5,2,28389,14,29,7,6,91988727,1819260,0.55
2,4,46261744,4,4,16,82284,9,5,17,1,63653339,1898095,0.527
5,3,691543284,8,5,15,24880,7,8,31,6,76728772,1158747,0.863
7,5,260186146,5,4,14,56492,10,28,24,8,115910125,1902240,0.526
1,8,983176611,6,5,6,99205,13,9,25,4,97407088,1963517,0.509
1,8,1049248697,4,1,2,56492,6,15,10,7,131905974,1798137,0.556
8,5,1069569472,8,4,15,64269,10,13,20,2,127529318,2427172,0.412
3,4,107835469,2,4,10,13108,4,9,23,4,66178171,1767427,0.566
6,8,737198696,3,4,14,38390,4,6,4,1,33557035,1667839,0.6
2,3,515948901,3,3,8,116289,7,31,17,1,105887273,989165,1.011
3,7,654570780,4,2,3,15063,3,5,25,8,73752210,1557254,0.642
6,6,543170366,5,3,11,71120,15,32,25,7,81924300,1893111,0.528
6,4,990608788,8,2,10,61611,15,26,9,2,37056948,1268839,0.788
7,4,323390810,2,5,4,31722,15,15,25,2,113233279,1319717,0.758
5,5,238204903,8,1,6,86983,14,29,16,1,105480918,1217964,0.821
1,2,1051767930,3,4,3,110052,3,31,20,8,133181881,1775155,0.563
4,8,188672535,8,4,2,66438,9,10,18,7,91858833,2102832,0.475
3,8,854994360,8,1,3,91714,2,24,8,5,67068948,2251445,0.444
6,2,42848827,5,1,14,59191,15,18,26,2,53693306,2013555,0.497
3,5,29524786,2,5,3,89457,15,15,20,5,39211833,1963583,0.509
2,5,629994065,4,1,8,80853,11,20,9,8,64420946,2447818,0.408
8,1,235777168,5,5,16,121091,6,24,29,3,40915204,2479685,0.403
6,7,232977099,5,2,16,26419,16,5,20,6,131461381,2258044,0.443
7,3,73893908,4,2,9,22385,5,28,5,1,71473857,2463582,0.406
4,4,78192248,8,2,4,16211,6,32,19,3,134212478,2269663,0.441
4,7,421270726,4,2,14,120052,15,30,20,1,80405619,1160306,0.862
5,2,683294643,3,4,16,112430,4,3,16,4,86827524,1178892,0.848
7,4,854146464,2,2,14,128341,12,17,28,3,89683640,773892,1.292
5,6,870187951,6,4,4,16988,5,30,26,3,100428465,1943003,0.515
3,3,996590343,4,2,14,76041,9,5,8,4,132061019,2080996,0.48
3,1,332973287,3,2,12,76105,11,29,17,8,120933817,2269302,0.441
7,2,916621828,8,1,14,77716,14,20,15,8,52934851,1822941,0.549
6,2,405603958,3,5,3,93524,11,9,21,1,134215251,1951539,0.512
7,5,1039371899,8,5,14,31261,8,31,24,7,128009020,2206930,0.453
8,6,857610314,7,4,7,120882,8,32,29,2,46715380,2517369,0.397
7,3,301419145,7,5,6,58141,4,4,21,3,62566829,2350822,0.425
6,5,912684645,6,2,5,80243,3,23,17,5,54699535,1440411,0.694
3,6,29886781,3,2,14,91621,7,15,30,7,84863619,1627514,0.614
5,1,752206254,6,2,2,66530,16,21,13,7,52861571,1785261,0.56
8,6,458483905,4,5,5,17875,13,3,8,4,127494449,2130079,0.469
7,7,26588459,7,3,15,25912,9,29,30,5,74713393,2000180,0.5
3,6,860437568,2,5,3,15333,8,3,19,6,59286651,2392957,0.418
2,3,33890679,6,2,13,102085,8,27,26,1,107231500,2075304,0.482
2,2,928037291,5,1,5,53078,16,29,2,6,34898778,2049394,0.488
5,7,536617989,4,1,15,127491,6,15,25,7,68191907,2062995,0.485
2,8,494627571,5,2,14,67700,5,2,27,8,116367943,1187286,0.842
5,6,465366658,7,2,10,122815,11,31,12,4,114084480,1246068,0.802
7,7,12797132,4,4,14,109395,14,17,19,8,45643192,1262721,0.792
1,2,340531751,3,1,2,43035,4,7,21,5,101116313,728991,1.372
4,7,243669882,6,2,12,33558,13,12,3,7,84310071,1375674,0.727
2,8,203012524,8,5,12,69294,6,2,28,7,105605711,1007551,0.992
4,1,997660261,7,3,11,66663,8,30,6,3,123033404,942212,1.061
2,3,906610037,5,5,8,29991,11,32,13,4,41143367,1214628,0.823
7,4,939828693,8,3,3,101658,10,5,26,1,45988702,1904500,0.525
5,7,575667205,2,5,5,31910,14,28,23,3,123005075,1819177,0.55
1,8,485390388,5,1,12,116113,6,14,19,2,100526030,2286231,0.437
8,6,789376747,6,5,9,5822,14,13,20,4,56926637,1360994,0.735
5,5,18867449,7,4,10,74755,11,16,23,2,60409981,1354725,0.738
6,4,1049094655,8,4,12,114228,4,3,13,1,114573458,2033594,0.492
4,1,174656574,8,4,11,57537,13,25,21,7,119113136,1343163,0.744
1,1,588783774,4,1,9,124272,16,7,2,1,42169497,1801431,0.555
2,8,873344886,8,1,14,106522,4,4,19,3,111411719,2519831,0.397
4,2,872145455,6,4,3,83688,14,8,12,1,108440120,1984717,0.504
4,4,334016265,3,5,11,90699,7,27,9,4,102746930,2148592,0.465
6,3,433776742,3,2,14,94745,12,10,4,3,63822722,2313203,0.432
8,8,1001995246,5,3,6,89392,2,14,3,7,89576354,1953888,0.512
7,6,669073839,8,1,12,38228,2,31,22,6,96685430,2306730,0.433
2,6,635741948,5,5,6,9130,6,20,12,6,62104526,2474500,0.404
4,3,271928845,3,5,4,64791,8,31,6,3,123274977,2236586,0.447
6,2,916562360,2,5,6,118791,10,23,14,8,69616297,1835050,0.545
4,5,747421012,3,4,13,117046,9,21,8,8,46217759,1908495,0.524
5,6,804238596,5,1,13,62383,15,19,10,8,58900599,2007709,0.498
6,4,29374261,2,4,11,69612,8,9,19,7,54148537,1711543,0.584
4,6,518879480,4,4,8,21968,11,21,8,8,35444123,1793030,0.558
4,2,776163935,5,1,13,74540,5,5,13,6,126478066,1731775,0.577
3,7,981128842,6,2,2,12010,8,31,32,5,86766489,1612141,0.62
1,3,411973884,8,1,2,91444,10,26,12,7,96341326,1681121,0.595
8,2,961976133,6,1,11,121676,11,11,28,4,61449786,2076036,0.482
7,4,661764085,5,2,7,64067,2,31,17,4,42577928,1450170,0.69
4,2,179025163,8,1,12,125532,2,23,7,5,92118235,931888,1.073
2,5,769478251,3,2,7,97927,3,20,18,2,83149590,1748707,0.572
4,3,673818961,3,4,3,32723,14,29,12,6,63204861,1923535,0.52
2,5,166611469,7,2,11,86971,10,6,13,1,129039538,2185152,0.458
7,5,416521475,3,2,3,35465,3,31,24,6,96200728,2227221,0.449
2,8,801737038,5,2,6,39398,13,13,3,2,68683560,2406918,0.415
2,8,354273410,5,2,4,15392,16,30,15,2,57443857,2519234,0.397
2,5,776599502,5,2,6,25840,4,23,10,4,67874219,2521692,0.396
3,1,330732448,5,2,15,24819,2,3,23,1,103896362,1673494,0.598
1,8,737795078,2,2,13,128245,6,24,27,7,67429166,1458114,0.686
3,7,582424626,3,3,9,125425,2,31,10,2,81644820,1745773,0.573
2,5,174540656,2,1,3,68635,2,20,29,3,129999105,1116621,0.895
5,6,935856941,3,1,2,106165,3,23,19,8,67118053,1605569,0.623
8,4,920348620,7,2,13,113263,6,2,6,6,96865886,1932942,0.517
5,2,262210926,8,5,8,47550,4,30,9,1,125214073,1365978,0.732
8,6,636466615,3,4,6,45119,7,8,29,4,66893313,2120746,0.471
1,2,1017067498,5,2,12,116791,14,12,2,6,101079669,1728043,0.579
6,6,656918067,6,3,10,57022,15,4,8,7,43996632,2089532,0.479
4,4,726484675,5,2,13,4759,8,12,32,4,44765465,1720918,0.581
3,7,875409183,6,2,8,80219,11,15,10,5,40750686,1527141,0.655
6,4,568851194,4,1,7,67860,8,26,22,2,71841543,1895148,0.527
2,7,490350572,4,5,3,98585,7,27,13,5,121652098,2047644,0.488
4,3,257680612,4,1,4,55700,13,26,21,3,55934372,1706796,0.586
2,6,917648885,7,1,8,96620,4,22,29,4,114415949,2127573,0.47
2,2,616243361,2,3,16,117239,5,12,30,6,66364571,1408004,0.71
7,5,536868652,8,4,9,47238,2,7,31,6,110313346,1514857,0.66
7,3,399674971,5,3,3,25269,15,3,22,5,108947261,1872427,0.534
4,3,623648101,8,4,7,102329,13,19,2,1,105804074,1349185,0.741
2,6,59716901,2,3,2,11620,2,18,13,4,53252204,1397303,0.716
2,2,316776303,3,2,7,85105,6,13,20,4,71748909,1621213,0.617
3,5,392836897,7,3,5,63386,14,6,27,5,34410235,1564683,0.639
1,8,195525569,3,5,4,96361,9,24,18,2,57828320,1621781,0.616
8,7,353026591,7,2,3,18653,14,14,12,6,99586215,1468381,0.681
7,2,861398841,2,2,3,73259,4,6,24,2,72218042,1939619,0.515
7,2,540690454,4,5,15,64605,3,20,5,6,107784838,1973484,0.507
2,7,912553173,8,3,8,128272,15,26,30,4,68293794,2423607,0.413
5,4,812411298,7,2,14,19284,9,11,18,2,74951801,2493212,0.401
4,2,590686294,6,5,2,75520,10,9,18,8,83200200,2090467,0.478
6,5,611168765,8,2,10,112330,16,23,25,6,128877747,1942169,0.515
1,7,410272701,8,4,3,90377,6,15,17,8,46263188,1720421,0.581
2,5,391914997,4,2,3,16188,16,6,23,4,124317688,1971165,0.507
6,1,982563094,8,4,10,38345,8,6,2,1,117069834,2117769,0.472
5,8,1063335280,7,3,5,11072,4,15,19,7,124397970,1502058,0.666
4,2,1035763342,6,2,6,128997,2,16,32,8,64308142,2072440,0.482
6,3,478910229,6,1,6,111282,5,14,25,7,110428833,2380566,0.42
6,7,212818422,6,1,7,45309,10,14,27,5,98898551,2563563,0.39
7,4,38926518,3,2,4,51829,11,23,6,8,110683068,2116487,0.472
6,2,503274186,4,2,10,12712,4,27,25,5,127628075,1089,917.906
3,2,840391083,5,5,10,76196,9,10,20,3,37155865,992156,1.008
2,4,582322709,8,3,9,22365,13,27,22,2,129528664,22317,44.809
7,8,76818012,7,5,16,49774,3,4,28,6,112617770,943423,1.06
5,5,45342778,3,3,12,57200,14,18,8,6,73428419,1430150,0.699
5,1,533271655,6,2,9,19483,12,2,22,3,117401370,1154889,0.866
2,8,350917177,5,1,5,46028,9,4,17,5,75473713,1211018,0.826
4,4,312907879,8,1,14,82207,13,7,6,4,95577880,1562893,0.64
1,3,237992258,2,3,2,68711,10,6,12,4,92899659,958718,1.043
8,8,154471043,6,3,3,63022,4,27,14,2,119684869,1259610,0.794
4,5,798904380,6,4,13,87335,16,12,23,4,60423299,1425407,0.701
1,5,489192940,8,4,11,4633,7,22,13,8,92791915,1310162,0.763
7,1,1033477147,7,3,12,117016,3,25,16,4,97441262,1646925,0.607
6,6,280567610,5,2,5,50837,15,6,25,5,91365525,1531070,0.653
5,4,1007416675,8,2,14,24294,5,19,20,8,62229364,1476952,0.677
6,6,746730446,7,4,3,63850,14,18,16,2,116372401,1282834,0.779
6,3,931609797,3,5,14,19796,13,16,7,1,110209545,1378983,0.725
8,6,881328534,6,5,5,15146,6,28,14,7,35517217,1572215,0.636
2,8,533811769,4,3,8,50434,3,24,2,4,117758112,1517284,0.659
6,6,1024664948,6,2,8,35240,3,12,17,6,69692628,1600986,0.625
2,4,60588304,2,5,8,98171,16,9,30,5,114645386,1750786,0.571
8,4,811493202,6,3,4,71660,6,10,27,1,78180410,1937759,0.516
8,2,805734277,4,5,9,12022,15,25,27,2,113548147,1699128,0.588
7,1,74153743,5,4,11,82893,12,22,32,3,56965879,1665489,0.6
7,1,809951291,2,3,6,93504,10,26,14,1,87293001,1812654,0.552
4,1,664759127,7,1,2,49091,13,2,24,7,40281037,1949899,0.513
1,7,474118118,4,1,15,89270,8,14,7,1,68932252,1681913,0.594
8,3,909821780,7,2,8,13562,13,21,19,3,40350106,1422373,0.703
8,5,661054028,8,3,13,4368,5,7,12,8,132884525,1854475,0.539
4,1,205922245,8,3,13,68582,16,2,6,5,128367390,1994375,0.501
5,6,404484231,3,5,16,19237,11,11,12,7,67755852,1589521,0.629
5,8,914434975,8,2,16,117935,2,14,14,3,99682666,1826413,0.547
2,5,771217361,7,4,9,86120,14,8,25,8,65406100,1265608,0.79
5,8,786360473,4,2,3,27351,8,5,4,7,57181673,1401402,0.713
1,7,1072299955,4,4,6,59197,6,23,19,5,87528679,1579983,0.633
2,6,471855312,3,5,9,25063,7,3,16,7,89186623,1682957,0.594
3,4,637389604,5,5,2,10932,13,15,26,5,95489793,1248950,0.801
5,6,154895624,6,3,16,80761,2,30,13,2,110159281,1027334,0.973
1,1,191462750,8,1,15,16248,11,32,2,7,77859065,749624,1.334
8,4,242822654,4,4,9,51305,12,14,2,2,50518855,908204,1.101
5,5,1015722800,7,1,15,95319,4,6,21,1,88112310,848977,1.178
4,8,378892868,4,2,7,36998,5,6,23,8,95671861,903250,1.107
2,2,627905456,2,3,8,85309,11,32,16,7,111595153,974638,1.026
5,5,51867515,3,2,15,88712,6,19,32,8,105220860,1393396,0.718
7,1,977126579,2,3,16,4542,2,10,18,4,127788710,894487,1.118
3,3,933338199,2,2,15,72144,5,32,3,3,65261762,1072066,0.933
2,8,944202240,5,4,11,95616,4,27,15,4,57403495,1148809,0.87
8,4,156347613,4,5,8,9827,11,24,8,3,119203539,1012632,0.987
4,5,914075281,5,5,16,71408,15,25,28,3,49894355,1025562,0.975
8,2,951011523,8,1,9,81316,14,22,9,6,87007248,819682,1.22
8,5,913980221,5,1,14,104320,14,6,9,3,129338218,917758,1.09
6,5,686416812,2,2,15,71545,4,3,10,5,33894072,906199,1.103
1,8,699829478,7,4,5,53426,2,15,22,7,97883420,1254100,0.797
3,2,923802074,4,3,9,121892,6,13,15,3,97696420,1133104,0.882
5,8,26001783,6,5,10,123495,8,13,14,5,55213758,1304570,0.766
2,3,86736665,5,1,8,97938,9,13,17,3,49713670,914386,1.094
8,8,135710203,4,5,12,45136,7,29,21,8,69644264,1157699,0.864
8,5,101798034,2,5,2,33102,2,8,25,4,122320187,916387,1.091
4,2,1039867986,3,4,3,46780,3,25,30,2,121914054,1029980,0.971
4,2,729236332,6,5,14,39365,11,3,23,1,131509589,920586,1.086
8,2,404429146,2,5,9,38123,7,8,22,4,66821314,1053656,0.949
6,8,594254667,4,4,4,92741,14,24,10,6,116399099,877369,1.14
7,1,922520880,5,4,8,19601,16,10,26,2,113509578,1029796,0.971
5,3,379137599,7,3,11,15370,9,4,5,8,77685037,1155103,0.866
3,3,363129873,4,2,15,61297,8,4,29,2,43139002,1015956,0.984
8,6,874822664,7,3,9,85579,6,22,15,7,94610846,1175834,0.85
8,1,47432341,2,4,2,42638,8,16,5,8,106485415,890307,1.123
4,5,129523088,2,4,13,70558,15,26,16,4,133078965,760816,1.314
7,3,65491815,5,1,16,97000,5,17,5,2,133528738,939308,1.065
5,8,570363509,4,4,11,36694,2,24,4,2,50030693,976473,1.024
6,4,440398033,7,5,9,29329,16,5,30,1,111506709,960892,1.041
7,6,134688815,8,4,14,116770,12,19,7,8,65452231,954437,1.048
4,2,670908453,2,2,8,11518,6,3,18,1,70595712,959568,1.042
4,8,938084115,7,1,10,94257,8,18,25,6,89023249,933804,1.071
3,7,53358348,5,4,13,10874,16,10,11,1,66109704,1145433,0.873
3,4,550453326,7,1,16,55442,8,30,20,1,91037366,1215156,0.823
3,7,272322328,8,4,15,33141,15,29,2,2,62726646,707061,1.414
8,6,411515383,3,3,16,112481,14,6,14,4,42399390,1167760,0.856
1,4,586561902,8,2,13,95566,7,29,27,5,122434373,877489,1.14
8,5,308974603,8,3,13,95162,2,10,17,1,113506881,1317964,0.759
4,5,441707155,6,1,8,66315,8,24,22,2,41437752,1288221,0.776
3,8,1003087200,7,5,5,38317,14,10,14,4,99920018,1223310,0.817
1,7,358749670,3,3,4,39494,8,19,11,1,38021965,1524743,0.656
1,6,429114067,8,5,12,90646,10,32,18,4,87346563,1365814,0.732
3,3,62851011,2,5,4,70980,13,17,31,5,129270209,1435206,0.697
5,4,78200301,3,4,14,93250,14,15,32,5,36519802,1326840,0.754
4,6,111826571,4,4,9,103906,2,2,31,2,58967206,1387545,0.721
2,5,739452502,5,4,9,67733,3,26,6,5,89453488,1428926,0.7
1,4,16638343,7,3,7,5543,11,20,22,4,35118973,1414265,0.707
5,7,512086933,2,1,5,124911,6,24,22,3,83210565,1479651,0.676
2,4,255589616,8,4,2,96583,6,5,21,7,44411216,1288073,0.776
3,5,371996140,7,5,8,32018,9,18,12,3,65042842,1193001,0.838
4,8,895581111,6,1,16,83269,9,15,16,4,105040307,1564284,0.639
6,8,979946362,7,1,7,66557,13,25,22,2,36988560,1364113,0.733
8,8,101366096,2,4,9,4165,7,4,16,5,87427799,1427684,0.7
3,6,822683210,5,2,10,120869,12,13,16,2,36066660,1521801,0.657
6,2,452597758,8,4,15,83515,14,8,16,1,116175827,1216481,0.822
7,8,776545760,3,3,3,16811,5,9,5,2,71084359,1452323,0.688
2,5,838427414,5,2,14,127609,14,25,23,7,37404501,1214183,0.824
1,5,242965554,8,1,10,22171,5,9,13,6,40014511,1650579,0.606
7,2,271150150,4,3,16,68356,9,12,22,6,122948065,1329712,0.752
7,5,768401983,4,5,8,117323,8,29,19,8,127972551,1632327,0.613
7,5,489378460,2,2,15,102576,2,7,32,3,112001164,1176686,0.85
1,3,621903524,6,5,3,77193,8,10,11,3,105992611,1435546,0.697
1,5,1046299529,4,3,13,112457,9,18,4,2,73837174,1190385,0.84
5,4,679421772,6,4,10,47392,3,27,12,1,71362997,1467948,0.681
4,8,939854477,6,4,11,54111,14,7,10,6,130650392,1082944,0.923
5,4,86278732,8,2,3,4915,8,17,29,8,50784864,1251185,0.799
6,8,636829146,8,4,15,25818,6,23,9,7,95883985,1224355,0.817
1,2,888155907,2,2,13,28502,11,26,3,3,123556989,1172243,0.853
7,2,727718943,4,1,14,38131,16,2,11,6,109427943,1279241,0.782
5,7,129032676,3,2,12,39981,11,6,31,6,100986862,1160349,0.862
6,8,415955620,6,5,3,113766,6,5,5,6,133893811,1311946,0.762
1,4,368235347,6,2,2,17936,9,5,17,1,132644089,1508946,0.663
4,1,51644600,6,3,10,96382,5,13,14,4,113878242,1283273,0.779
7,3,469676380,4,2,2,81513,3,20,30,3,45938128,1277235,0.783
6,8,722089369,4,5,6,77508,16,19,15,4,91216731,1046392,0.956
6,8,816055485,8,4,10,122685,13,32,6,6,77526967,1419470,0.704
6,5,1053557097,4,2,9,51983,10,24,31,5,86900062,1050373,0.952
6,5,897858056,7,1,11,99603,11,16,6,7,91590099,1070630,0.934
3,7,863626033,8,3,3,111128,6,31,3,5,127786662,1014948,0.985
4,5,959033420,5,1,5,112428,12,10,26,4,129330691,956670,1.045
5,7,12898291,3,2,16,32503,4,15,29,4,90130140,1212946,0.824
6,4,496993422,2,4,14,53314,14,15,26,4,107034048,1307160,0.765
2,5,545225557,5,1,2,20652,5,28,4,2,59657610,1134580,0.881
1,6,352448831,4,4,16,14531,2,31,24,2,54272609,943154,1.06
6,4,416701894,2,5,16,53146,10,19,3,5,86364914,1046800,0.955
8,2,829356058,2,2,15,75763,13,3,20,4,111668552,1092441,0.915
6,2,467530929,5,4,12,11514,8,24,15,3,98632436,1071058,0.934
7,2,524788932,2,5,11,18800,13,28,22,2,74865993,1155258,0.866
3,2,503738483,8,1,15,123905,13,26,11,7,92903099,1101372,0.908
2,3,448239193,2,4,8,73914,13,25,28,3,83133765,895184,1.117
1,3,606752789,2,5,15,86348,3,4,19,8,122376478,1096310,0.912
7,7,24198371,7,4,4,49053,15,11,27,1,37839816,1086858,0.92
7,5,102434072,7,5,8,63403,2,17,12,8,97262626,1069628,0.935
4,4,292463597,3,1,6,104599,12,12,21,6,64396117,957356,1.044
5,7,1023581774,7,1,6,29191,2,25,20,6,36701619,1030440,0.97
7,1,718006331,7,1,4,128561,15,26,6,2,60517648,874806,1.143
1,2,976153837,6,3,9,35957,7,10,30,7,35864006,966179,1.035
3,2,331860630,2,2,9,36955,10,28,21,6,48205910,994655,1.005
6,7,958835965,4,4,11,14463,13,19,4,7,109888168,1225871,0.816
1,5,524901200,6,4,3,26605,10,23,19,6,34552684,918890,1.088
1,8,965209107,2,4,14,34868,12,31,10,2,94719987,1036835,0.964
7,2,639562338,3,1,16,8289,8,29,19,2,106410156,1036621,0.965
8,6,920802447,3,4,4,6468,9,24,15,1,41919315,975116,1.025
4,6,429994795,6,4,3,18127,11,16,5,5,98163465,1134526,0.881
6,1,753048817,8,2,16,86877,14,31,2,7,53563196,1423929,0.702
2,5,722443848,4,4,7,16444,14,12,17,8,120270552,1008889,0.991
3,6,523096958,3,1,15,45822,16,18,18,2,130413696,1104217,0.906
5,8,192179361,3,1,13,12459,9,16,25,3,58124553,979040,1.021
6,6,637665659,3,2,4,103559,6,13,25,3,54793347,1083064,0.923
2,3,1005585807,4,4,6,46203,3,25,28,3,54987586,960738,1.041
6,8,716304062,3,5,16,40520,3,30,11,7,47684327,1198966,0.834
3,6,986622573,6,3,3,92877,5,19,2,4,119438385,941100,1.062
1,6,1006915383,6,2,4,112955,3,16,31,5,87686239,977263,1.023
8,1,875618668,2,4,10,129870,15,16,15,5,72260972,1105561,0.904
7,4,999738522,4,5,11,102431,2,23,9,7,95101523,995451,1.005
2,4,80844614,7,1,3,62877,8,23,25,2,77812001,1058583,0.945
3,4,921471476,3,3,2,44709,5,11,19,7,91848251,1095763,0.913
8,4,270546338,2,1,6,85001,3,19,20,6,103732152,1108893,0.902
3,8,190865331,3,2,9,57528,12,21,18,5,45370738,1107784,0.903
2,2,797716104,7,2,11,54666,3,7,30,8,120156055,1285804,0.778
5,4,664097717,6,3,15,42136,2,2,10,8,99924979,1199213,0.834
1,1,882374773,7,5,3,107989,7,26,4,3,99447105,1434199,0.697
7,1,780263415,8,2,8,16841,9,8,29,2,57715767,1055178,0.948
1,8,288146330,6,3,10,97006,5,17,13,3,40399816,1321141,0.757
3,2,234355134,2,3,14,110941,12,11,10,3,33934350,1096456,0.912
3,8,620665952,2,3,6,68784,13,26,32,3,37192712,1104572,0.905
5,5,82606220,8,3,13,130092,7,22,4,8,34575377,1065182,0.939
3,3,934621158,4,3,16,83615,15,18,21,8,41382569,1273213,0.785
2,6,708719110,7,5,5,73697,15,8,25,3,109905690,1158205,0.863
7,1,348219796,4,5,2,41508,12,23,29,3,78304142,1291137,0.774
2,2,855774708,8,4,12,83893,9,31,6,2,72001092,1110137,0.901
4,8,535388180,8,4,7,11553,12,19,26,1,106954733,1597980,0.626
4,5,588308718,7,4,16,44666,8,4,19,4,98505786,1497570,0.668
2,1,774507308,5,3,12,51182,5,8,13,3,110387306,1646399,0.607
1,4,934203014,4,2,11,88661,3,5,12,8,88577553,1471445,0.68
7,1,463087358,7,4,13,68082,16,25,16,3,89505320,1475814,0.677
2,8,439281782,5,1,15,6770,15,21,15,5,117555971,1405659,0.711
8,5,1071639407,5,5,7,100886,16,30,10,4,72472972,1256377,0.796
4,3,651503681,3,1,10,65180,9,19,17,6,34304436,1388036,0.72
7,3,280723654,8,1,8,14033,12,25,3,4,36109487,1104152,0.906
7,8,438492964,4,4,7,49541,5,2,23,1,104994295,1425187,0.702
3,2,194268581,8,3,2,85563,5,30,32,2,79832970,1414089,0.707
7,2,126029962,8,1,4,95410,13,6,30,6,115729624,1443972,0.692
1,5,933513524,3,3,7,91587,13,5,24,3,59121431,1146579,0.872
6,4,884560714,7,5,4,78476,7,25,32,2,120177570,1234331,0.81
2,5,577209780,6,1,7,128776,15,15,18,7,80423275,1415796,0.706
3,5,418116060,4,1,2,8793,16,26,7,1,115154643,1247775,0.801
4,8,464646817,8,4,2,38756,9,7,19,6,52316535,1456738,0.686
6,5,60365453,8,5,2,51251,3,4,24,2,50285492,1317698,0.759
4,6,400012066,3,2,13,104239,3,14,25,1,123207700,1515767,0.66
8,5,911787213,2,4,2,32445,9,3,20,3,132237755,1210078,0.826
6,1,932168380,5,3,13,119569,4,4,28,3,82627599,1008713,0.991
2,6,358329817,4,4,9,101729,12,2,4,1,64813444,1332125,0.751
2,8,866798914,3,1,5,39541,7,17,16,8,68623770,1472348,0.679
2,2,1043569550,7,2,14,50988,4,2,8,1,38795936,1135523,0.881
1,3,35527308,7,2,4,121165,7,25,8,6,67541267,1365439,0.732
6,1,510194310,2,2,6,68801,13,2,7,4,80056126,1241195,0.806
1,8,954579881,7,4,5,85002,5,20,27,2,81456654,1466269,0.682
8,5,138314264,2,5,15,126097,4,27,10,7,56307220,1080634,0.925
4,7,1062074968,8,1,11,77538,7,20,24,2,117236120,1281425,0.78
7,5,1037152912,6,1,10,83679,5,23,20,6,85358258,1231305,0.812
5,8,458687582,5,3,7,20915,13,18,26,7,86068585,1422171,0.703
1,3,529466801,6,1,13,27928,6,7,10,3,109892093,1672873,0.598
6,5,331795436,2,5,13,13945,8,22,9,2,58572862,1472426,0.679
7,5,241589346,5,5,5,101565,16,11,27,4,100504567,1626360,0.615
5,6,904093840,4,3,15,64527,4,30,23,7,134097329,1728244,0.579
1,4,218471715,6,2,7,12861,11,22,7,7,82901226,1648434,0.607
8,1,184469885,6,1,4,40059,9,18,27,8,117154975,1879865,0.532
3,1,182914391,3,1,11,55568,14,3,5,5,49137359,1708910,0.585
1,8,347533329,3,2,15,86875,11,15,12,3,99785947,1640737,0.609
2,4,748762652,2,4,7,84216,8,29,9,2,126894775,1509851,0.662
5,5,881780579,6,4,2,36780,15,27,21,8,34203544,1443361,0.693
2,4,239682447,5,2,6,48095,3,10,23,3,56109477,1622275,0.616
5,5,418664230,6,1,7,38730,7,27,21,1,98820927,1622589,0.616
7,7,1006047786,8,2,6,68080,13,5,20,4,76109985,1689294,0.592
2,5,423794348,6,4,8,102686,16,27,27,7,87579121,1802747,0.555
7,8,150226338,7,1,9,32279,5,2,14,1,84931343,1881042,0.532
2,5,375730498,6,5,9,108993,9,14,12,8,95814096,1674750,0.597
1,3,964542756,2,4,4,93112,12,13,15,7,37156239,1597727,0.626
4,3,187939462,2,5,13,45859,15,10,12,8,116098398,1830248,0.546
2,1,542379985,8,3,11,31803,16,2,2,3,114341853,1734214,0.577
2,3,446548970,8,2,5,11394,5,27,11,6,70682813,1614455,0.619
1,1,438295778,7,2,16,120973,10,15,32,5,93160644,1897529,0.527
8,7,789412994,8,4,15,67559,4,9,7,3,123560721,1678660,0.596
6,2,463650725,3,3,5,30236,12,22,23,2,98171030,1745864,0.573
6,3,560952252,7,2,6,83536,16,31,6,1,102029010,1737984,0.575
1,6,592935950,7,1,14,6414,4,24,21,6,107734641,1787779,0.559
6,4,1038464406,8,1,12,127440,14,8,15,3,69727861,1829203,0.547
1,8,128490062,4,4,4,124923,5,8,9,5,114243580,2010228,0.497
4,1,867405838,6,5,3,17502,2,5,9,6,87756021,1659552,0.603
2,6,695912816,3,4,6,66089,3,12,4,7,79739257,1699581,0.588
6,8,907541199,3,2,11,55186,13,24,6,1,70029813,1936314,0.516
3,8,539998922,2,3,5,59146,9,30,14,1,80839623,1950987,0.513
2,8,247787193,3,1,7,63200,7,7,31,1,108787645,1722284,0.581
3,7,516890068,8,4,15,14452,8,17,12,3,109191810,1687772,0.592
2,5,136992006,3,1,2,117836,10,13,8,1,39164759,1732958,0.577
5,1,295225777,7,2,6,124564,8,15,15,2,93657635,1894025,0.528
5,3,939126492,7,5,3,34032,9,8,23,8,132787336,1806919,0.553
5,4,132473723,4,5,8,45431,14,24,24,4,132002419,1716549,0.582
8,4,517767170,6,2,9,64383,15,30,29,6,127952310,1785105,0.56
7,2,258724482,8,4,14,46409,14,10,28,7,88878603,1691712,0.591
2,1,788931950,8,2,15,45188,13,2,6,5,111982885,1738477,0.575
6,4,242846951,4,3,2,21126,4,31,28,7,55448133,1512772,0.661
5,7,833581980,3,4,2,25430,14,24,11,4,118683569,1655911,0.604
8,7,910424430,5,5,8,86284,6,5,9,1,78986442,1656976,0.603
8,5,497552780,8,4,9,72003,11,26,22,6,71309139,1573903,0.635
6,6,723672036,5,4,4,33229,16,24,16,2,58734201,1600940,0.625
8,6,380473512,3,5,3,28385,11,18,11,8,44375753,1515484,0.66
8,8,774039323,3,4,7,50137,13,14,5,3,73019895,1520057,0.658
7,7,1015126245,2,1,12,28937,11,32,20,7,121250312,1962623,0.509
1,1,574009841,8,3,7,50080,15,19,21,8,51697108,2046274,0.489
1,3,551700259,2,5,13,31133,14,29,17,3,69875549,1974466,0.506
4,5,162866160,6,1,14,73021,8,23,11,6,45064514,1361057,0.735
2,5,857550507,2,3,15,110535,14,10,31,3,42470509,1636195,0.611
7,2,679511025,5,3,16,23470,16,28,18,4,78406564,1637253,0.611
3,5,992375975,4,4,13,94238,11,16,22,1,108183219,1581540,0.632
4,7,380437190,3,3,10,123522,4,10,19,3,44372450,1820213,0.549
3,1,783260924,7,1,12,64501,3,31,23,2,63865681,1810134,0.552
7,2,1054578973,7,1,13,119611,15,16,25,3,45189701,1152899,0.867
5,5,150020496,6,4,7,114992,7,4,25,2,83325408,1974926,0.506
5,6,618469586,7,3,14,108782,5,23,5,6,120002864,1628165,0.614
1,6,482322657,5,2,13,15558,2,8,10,4,67654059,1554095,0.643
1,5,104147130,5,3,6,27928,7,27,28,5,86378700,2361202,0.423
4,3,734144219,8,5,2,18235,15,9,12,4,58090720,446659,2.239
4,4,911438351,7,3,6,65684,7,31,26,2,76033320,1254898,0.797
1,2,444734476,5,1,4,42460,13,7,26,1,107273883,997677,1.002
6,6,405070499,5,5,4,119663,16,21,5,1,58161935,668018,1.497
8,4,656333198,2,2,13,89782,14,23,4,8,50081594,1946911,0.514
2,1,576895903,2,3,16,95608,14,4,12,1,120678655,1639903,0.61
4,8,900435293,5,5,3,51183,15,31,25,3,53163054,1604574,0.623
2,2,419552287,5,3,9,20469,9,14,4,6,104857084,871194,1.148
7,3,694583741,7,5,11,15793,7,8,19,1,35629696,1295199,0.772
7,3,26221210,8,5,11,123911,15,23,22,8,50718611,791587,1.263
2,1,1059855421,5,2,15,12078,15,16,28,8,121917331,1051658,0.951
4,3,610083350,6,2,6,101523,11,22,5,4,98157451,1659621,0.602
6,3,648316435,5,2,12,72310,7,6,7,8,101939483,1373117,0.728
8,3,131885249,4,4,7,113593,4,22,24,3,35614058,1610290,0.621
7,7,625473325,8,2,10,75651,11,14,17,5,50740782,1403018,0.713
5,8,933558474,6,3,5,38294,6,2,2,4,57631054,1444318,0.692
7,1,1001441315,5,2,12,116422,13,18,28,6,62860920,1288140,0.776
8,6,540718002,7,2,7,94182,2,19,17,8,128277983,908153,1.101
2,7,499854031,4,5,8,31219,15,18,24,2,92666947,896259,1.116
8,5,640727342,3,3,11,9785,15,7,15,1,127574992,1407431,0.71
5,2,1015158064,5,4,3,54902,8,29,4,7,114651824,802442,1.246
1,4,148012913,8,4,11,123199,12,9,5,8,75997379,913416,1.095
6,1,650983895,4,5,10,9901,12,13,18,6,114314861,759802,1.316
6,7,723911673,6,4,9,88713,13,24,14,3,98814193,1147846,0.871
7,4,237433765,2,3,13,111447,14,10,14,7,59071399,1050180,0.952
8,8,54894002,3,3,4,101819,10,3,4,3,120330751,964457,1.037
6,1,284699040,2,3,6,106351,6,17,17,2,128212771,1032973,0.968
3,8,772582171,4,4,14,126933,15,5,21,6,56090355,1355252,0.738
6,6,534483642,2,3,13,53974,10,18,15,8,98754959,1226605,0.815
7,8,348786221,5,1,9,55705,14,21,26,5,107508536,989290,1.011
2,1,833050437,8,1,9,109618,6,12,22,6,102332106,1255800,0.796
2,8,210736336,2,5,10,7862,15,30,31,7,83406387,1402953,0.713
1,4,273603609,4,5,5,7751,13,29,14,2,93041131,1437684,0.695
4,7,413001978,5,1,12,32923,4,30,21,7,121508952,1665320,0.6
1,6,1017846344,3,4,8,116054,2,21,15,2,42660223,1337216,0.748
7,5,251787745,5,5,7,18859,8,14,11,7,130727846,1784818,0.56
5,5,546043006,8,5,6,72279,6,14,28,6,95112478,1451448,0.689
4,1,984976320,6,5,3,21619,2,3,26,7,107168937,1636487,0.611
7,6,964351398,8,5,7,74356,13,18,29,3,106697569,1709390,0.585
8,1,964968613,5,5,8,20514,12,30,16,6,104054189,1538845,0.65
8,1,103240265,8,1,4,34890,5,15,17,6,126751853,1626270,0.615
2,2,951543973,7,3,10,94361,13,4,26,6,47842915,1606818,0.622
2,2,307165725,3,1,4,39808,12,11,11,4,58967979,1700665,0.588
8,6,708440571,7,4,10,30878,9,21,16,6,108732559,1692921,0.591
4,1,849637691,7,3,7,102189,4,25,32,2,129506989,1629341,0.614
5,2,465519181,4,4,13,13060,7,26,17,6,109566671,1637711,0.61
7,7,292555659,4,5,10,17371,16,5,14,8,124081359,1538890,0.65
5,5,161545415,6,5,4,80884,2,20,25,3,111939293,1585200,0.631
4,4,998460807,4,5,14,93990,5,4,22,2,122425872,1401655,0.713
7,2,604370036,3,2,6,16571,3,31,32,2,37950740,1757432,0.569
3,5,158994903,8,3,3,17372,7,10,29,8,133094068,1493067,0.67
5,7,274253354,8,1,2,58851,4,12,12,4,56396729,1712108,0.584
5,5,496570086,7,2,13,107522,7,3,12,6,111233713,1587677,0.63
6,3,101495387,7,1,6,103831,5,21,20,8,59806119,1139017,0.878
4,3,227621321,3,1,15,78457,2,2,15,4,80015810,1815452,0.551
6,2,208627783,8,4,6,111261,9,28,23,6,93784589,1869679,0.535
6,5,588055841,4,5,5,130269,6,18,22,6,113787004,1642977,0.609
1,1,523824000,6,1,2,98713,3,18,9,4,90868547,1396291,0.716
3,4,255097019,4,3,4,63074,9,15,12,4,113800803,1611608,0.62
3,8,442437722,6,1,6,9473,4,5,30,5,128049078,1840607,0.543
6,2,918542321,2,1,8,108706,13,29,12,2,99384149,1591971,0.628
2,7,451901307,4,2,6,120993,9,10,31,3,98431653,1769222,0.565
3,4,27402755,7,4,6,63096,9,24,28,7,112406207,1762294,0.567
5,1,1073156955,3,4,7,78577,10,6,6,3,130988373,1596016,0.626
8,5,705525666,6,4,3,127569,16,26,17,8,47005178,1473363,0.679
5,3,567282896,6,4,8,125059,13,2,8,5,100126698,1358422,0.736
7,7,862794412,4,4,10,116112,7,18,5,2,92024060,1437965,0.695
2,7,93156578,3,5,6,55763,5,6,21,6,58821928,1670179,0.599
1,7,594125025,3,1,10,29589,11,31,27,3,92797650,1434512,0.697
4,8,1055769680,3,1,8,51741,3,2,5,5,56344597,1652471,0.605
3,6,206449773,5,4,2,50331,4,28,29,2,106762249,1464647,0.683
6,1,649793880,8,3,2,71096,7,12,28,6,85485031,1716888,0.582
4,6,820564669,4,1,5,69891,6,29,27,3,88192768,1537614,0.65
7,5,513571963,8,3,7,117844,14,12,18,5,102066981,1520218,0.658
8,8,384467441,7,2,14,65804,11,24,31,2,109150138,1761974,0.567
2,1,37746388,8,2,3,6071,13,14,13,1,95484948,1732813,0.577
7,2,430025241,2,2,15,97652,2,18,22,6,130662111,1647223,0.607
8,6,592686142,8,3,8,63938,7,23,4,6,120730970,1607662,0.622
7,8,583817441,4,2,15,15013,2,2,29,6,85228192,1645849,0.607
2,5,65643917,8,2,7,126620,5,12,15,2,58597161,1793046,0.558
8,4,546945227,3,3,6,89382,13,4,23,6,128205366,1592950,0.628
6,8,689588129,8,5,3,31559,9,27,19,5,54116199,1798635,0.556
7,4,53333459,5,5,4,26389,11,8,26,2,88703374,1534410,0.652
3,3,798173126,2,4,13,93173,15,16,17,2,46995792,1570127,0.637
8,7,99906806,7,1,5,8267,9,22,14,6,53977866,1534912,0.651
8,8,817388810,7,3,8,120718,11,20,19,6,43058163,1707766,0.585
8,7,6395799,4,3,7,19115,15,11,5,1,132671700,1770227,0.565
7,6,100741596,6,5,10,96870,12,4,21,8,121357194,1670944,0.598
2,2,76298444,2,2,4,41418,11,14,4,5,132945369,1477842,0.677
5,8,884323878,6,3,11,28814,3,3,8,4,127710889,1518870,0.658
4,4,864292374,7,2,5,20367,2,22,30,7,69300404,1719788,0.581
2,1,616776438,7,3,13,101980,16,27,27,1,66933551,1796938,0.556
1,1,549893137,5,5,8,65192,2,9,12,6,125259890,719350,1.39
8,1,7962478,8,1,13,71183,6,3,15,7,117544812,1924449,0.52
6,7,491990320,7,3,4,35970,15,13,20,5,37176816,969003,1.032
6,5,440280574,8,1,16,83341,8,15,17,4,46493636,825795,1.211
3,1,294172749,6,1,6,92793,2,7,7,8,126280975,1364343,0.733
5,7,297131118,5,4,16,124669,3,7,2,8,75070282,850693,1.175
3,2,294863996,2,1,3,35129,9,10,24,4,97697686,1050862,0.952
5,3,570997918,2,1,3,126677,2,15,23,6,35986762,1137131,0.879
3,6,35969358,4,2,8,73049,10,31,13,2,132772355,829093,1.206
5,5,224392726,7,1,16,112563,2,13,17,1,59370860,1136394,0.88
7,8,719046117,8,5,16,124092,4,8,2,7,67590559,1054088,0.949
7,1,71577783,2,5,12,81250,12,20,24,6,81859819,1205956,0.829
1,4,991829958,3,5,3,42791,16,3,8,1,81726507,1254264,0.797
1,3,185128178,4,1,12,116131,11,14,16,6,104989102,1343138,0.744
3,5,997133611,7,5,10,99744,10,5,24,5,80922670,1916024,0.522
6,8,903747255,2,5,16,11318,14,15,26,3,45632946,1483116,0.674
3,4,285088784,5,5,8,50252,4,11,18,6,119203690,1545000,0.647
8,5,875432496,8,1,2,104067,11,21,14,6,105848216,1386406,0.721
6,4,623835342,5,3,3,97777,5,5,27,8,78783814,1755947,0.569
2,6,138879138,2,5,2,118652,6,16,2,2,89086344,1600650,0.625
6,5,67596140,8,4,16,62057,2,22,22,5,92512457,1291460,0.774
2,4,716676330,3,2,9,91110,15,20,11,3,123495015,1740995,0.574
8,3,137906504,7,1,16,49173,13,24,2,6,123580105,1577929,0.634
4,8,624593377,8,4,15,67833,7,21,12,3,41197014,1687937,0.592
7,5,660712499,3,1,16,73654,5,32,16,4,79337741,1512355,0.661
3,6,958838880,2,3,11,14326,9,30,21,7,48458231,1692239,0.591
7,8,17336312,6,5,4,96561,2,9,31,7,61884369,1360916,0.735
8,6,1049192501,2,3,7,41252,3,32,13,6,119026047,1788950,0.559
5,8,668370602,3,5,5,20468,7,11,18,6,54253122,1485217,0.673
7,8,881625192,3,4,6,63449,12,23,26,2,101491574,1761710,0.568
3,5,243938095,3,4,15,90684,5,12,2,7,124996731,1663187,0.601
5,4,938493285,8,4,4,31139,15,11,26,8,127970865,1743059,0.574
6,6,305004936,3,4,9,125549,12,30,9,4,48902542,1570406,0.637
5,1,300685297,8,4,10,127128,13,12,6,5,84815828,1044522,0.957
5,5,689201860,2,5,15,74797,7,7,10,7,94550289,1521736,0.657
3,2,161016772,6,2,4,28081,4,26,30,2,45809693,1559001,0.641
6,7,325895917,5,4,4,89657,16,10,32,1,40347654,1549112,0.645
5,8,853190079,7,1,6,35013,9,30,31,5,76231018,1708137,0.585
8,3,846626246,2,5,2,45679,13,3,22,5,126131627,1773533,0.564
5,8,679945725,6,1,4,69525,16,26,21,8,49031651,1836446,0.544
5,6,927558035,4,2,5,67922,13,28,17,5,125184651,1745176,0.573
3,3,215941762,5,3,5,64071,8,5,30,1,52354125,1742436,0.574
1,7,510725040,7,3,12,121078,7,3,11,7,34525304,1545516,0.647
6,8,368412461,2,1,7,130443,5,21,19,5,103397177,1771403,0.564
6,6,741816857,5,3,4,57520,5,24,3,5,93185064,1681531,0.595
1,8,16576221,7,1,10,61441,9,4,15,5,104339919,1659883,0.602
4,5,112179821,2,4,6,117290,6,24,9,8,111544569,1719356,0.582
6,5,84079039,2,1,13,118546,15,11,16,5,128180967,1792522,0.558
1,1,916230791,2,5,3,24097,5,15,17,2,90368045,1635991,0.611
5,5,1065703287,3,2,15,63590,10,32,31,4,85418957,1778663,0.562
1,3,692337201,8,1,11,110776,13,16,23,1,116606895,1279875,0.781
3,7,1020524484,2,3,15,79733,4,11,26,2,132938221,1229213,0.813
8,4,118088310,6,4,11,79164,13,7,18,1,82745220,1494491,0.669
4,7,777792439,4,1,2,126187,7,25,8,1,52372595,1499108,0.667
8,1,955641726,6,2,4,21285,6,25,18,4,45681872,1315498,0.76
4,4,1044236058,6,1,14,112678,6,19,23,5,100751013,1375867,0.727
4,2,512479013,2,3,16,22774,15,23,19,4,36264491,1751264,0.571
3,8,14109408,2,5,11,128531,5,17,18,4,129169735,1730325,0.578
8,1,753162029,8,3,3,70174,9,25,16,1,130844566,1378969,0.725
4,7,105294529,6,4,3,38095,2,11,5,4,102041718,1623413,0.616
1,7,852476814,4,1,4,121727,8,10,13,2,37322079,1555364,0.643
7,3,310466283,5,4,7,36651,15,25,4,7,124871181,1373558,0.728
5,4,154356421,4,4,4,10903,7,31,15,6,127944378,1063473,0.94
1,8,128133136,5,3,7,12104,4,10,3,1,103538631,1348077,0.742
6,7,672780562,4,4,11,91678,6,13,8,2,70058052,1268473,0.788
7,6,172105863,5,2,9,121520,2,2,14,7,70600265,1288087,0.776
7,5,325869274,5,4,9,93687,14,24,26,3,88395809,1059702,0.944
4,7,549226057,2,2,7,109537,8,6,27,8,115121872,1203746,0.831
5,7,885301363,6,1,3,104527,5,32,2,5,95468525,1542878,0.648
3,3,601577592,7,2,4,17093,7,17,28,4,79005851,1681890,0.594
8,5,887880067,5,3,11,20380,16,21,29,8,114439964,1491388,0.67
1,1,343911742,7,4,3,28842,14,7,17,7,129378868,1758866,0.568
6,3,246735816,5,5,16,120291,16,29,32,4,120638258,1527223,0.655
5,4,950928368,8,3,3,13786,6,3,31,8,45193417,1926941,0.519
7,6,758391471,3,2,3,129962,3,10,22,5,130024423,1707166,0.586
5,7,588941028,6,3,15,109094,13,9,20,8,93001589,1463184,0.683
8,1,1063348147,8,4,14,56759,13,10,27,1,126505984,1553180,0.644
8,6,620502925,8,4,2,60423,8,15,28,3,133241519,1729325,0.578
7,8,624313436,3,1,10,99585,15,8,18,7,97504399,1288467,0.776
5,1,31713815,4,3,11,31718,2,6,31,3,34968714,1473383,0.679
3,5,94729373,7,5,16,72883,16,16,21,2,118251049,1740074,0.575
6,2,882995043,4,3,6,90547,3,14,5,6,98024204,1587767,0.63
5,7,4299631,6,3,5,41312,2,3,2,7,66311922,1757873,0.569
7,6,80629764,5,5,16,12482,6,22,17,1,71012507,1206617,0.829
7,7,418826419,7,3,5,104152,7,29,26,1,96931245,737636,1.356
6,8,267491847,4,2,2,52147,14,4,14,8,85826508,1362206,0.734
5,7,71232557,5,2,10,105474,7,4,4,8,76703674,1393994,0.717
2,4,856509043,6,3,12,65345,3,21,17,3,125421060,1335814,0.748
2,2,457576880,7,1,4,8882,16,17,19,1,94439337,1517202,0.659
4,1,863639154,5,2,14,44408,9,29,15,4,36907300,1370698,0.729
6,3,132295482,2,1,2,46573,4,4,30,5,81120557,1564822,0.639
3,5,418378896,6,3,13,58828,4,28,30,2,109914917,1671846,0.598
4,1,879721188,8,3,13,32196,8,5,3,5,84339953,1678536,0.596
2,8,561030814,8,4,3,111092,4,14,13,1,45835148,854654,1.17
5,1,116829384,7,3,8,75877,7,29,2,2,57462909,1594364,0.627
1,6,927258119,4,1,11,36006,4,31,11,6,125956348,1068186,0.936
4,4,374865353,7,1,11,123964,6,19,8,7,39618526,969883,1.031
2,6,932997113,2,1,13,58237,3,14,7,1,46521175,515821,1.938
1,1,217695099,5,1,4,110088,3,14,25,3,133221466,1605182,0.623
8,7,68874217,3,5,14,47436,8,29,23,4,110502254,1493939,0.669
5,6,389592840,4,2,3,22695,2,19,3,1,79664234,1620104,0.617
1,2,390537656,7,4,10,29918,7,20,6,6,42279461,1471837,0.679
8,1,765580240,6,1,3,65953,4,20,14,3,118421228,1451115,0.689
8,8,110604891,5,4,15,33344,14,5,18,1,36322640,1622220,0.616
4,3,635431607,6,2,12,71141,12,17,11,8,115993935,681658,1.467
5,6,203134738,6,2,5,4532,12,6,22,4,58501883,525673,1.902
5,3,480386565,2,4,16,116846,12,15,22,3,43760511,672002,1.488
4,7,839655696,2,2,7,97223,6,12,22,5,81223806,1375824,0.727
6,2,49860117,8,4,2,7436,9,22,32,6,95871934,790069,1.266
7,4,764248620,2,2,15,36956,14,8,14,4,109483425,539310,1.854
5,6,534843496,7,2,5,7094,7,13,6,2,38282014,778861,1.284
8,7,728539991,6,4,6,53668,14,12,28,1,95207667,869378,1.15
5,8,844878853,4,5,12,121514,10,4,9,7,133760328,1618796,0.618
6,5,431696238,3,2,6,31216,13,6,3,8,104395485,1670679,0.598
4,8,1015362916,8,3,5,90415,10,29,22,4,72510526,1718186,0.582
1,2,700448225,2,2,9,36435,13,3,13,4,103202738,1447903,0.691
8,8,454821604,2,3,6,28410,7,3,30,6,76285396,1393823,0.717
7,8,533771191,8,5,2,27273,2,18,16,1,89621510,1428302,0.7
6,1,377042287,7,1,7,30959,14,31,6,6,90402595,1117000,0.895
4,3,252244627,5,2,11,13821,5,5,32,7,37719970,648769,1.541
4,4,719282478,4,4,14,92620,3,21,4,4,52825479,1494069,0.669
3,5,1064653897,2,2,14,77511,9,3,29,2,127922215,947144,1.056
4,3,383871680,3,2,15,68595,9,8,2,4,68910659,1226771,0.815
7,7,892514354,3,5,9,67982,4,30,23,6,133635211,1297757,0.77
8,8,722641591,6,3,8,90946,13,23,19,1,95591360,1206301,0.829
5,8,1025727735,7,3,5,111760,3,8,32,5,114056461,1355360,0.738
8,2,1023777530,5,1,7,16828,14,4,14,3,69006448,1631531,0.613
5,2,90072071,6,5,12,60974,15,7,4,1,39514449,1387018,0.721
5,5,152509893,6,2,12,12424,2,7,31,7,37125037,1190089,0.84
4,3,957316430,3,5,4,76766,2,9,28,7,71818876,1735375,0.576
6,7,909221316,4,1,6,100605,2,24,26,6,120042199,1534455,0.652
5,1,93309174,3,3,3,29083,6,29,5,7,77785864,1453558,0.688
2,3,461842238,4,4,11,47253,16,10,7,8,34919571,1292450,0.774
2,1,941958160,6,5,8,20524,2,11,25,3,108034089,1509773,0.662
5,7,616117793,5,1,8,109146,6,6,32,1,46163206,1564749,0.639
6,4,1061461422,3,5,12,49580,15,27,18,6,127848728,1813456,0.551
4,2,830576589,8,3,4,41057,15,25,13,5,114347826,1618856,0.618
4,1,510395597,8,5,14,35445,9,7,6,6,76352796,1703954,0.587
1,5,406407735,5,1,7,86081,4,3,21,8,113752141,1336314,0.748
3,7,961600148,8,2,10,75444,16,23,2,2,76322131,1071291,0.933
6,6,673228509,8,1,11,4255,9,5,18,1,122602887,1411336,0.708
5,5,579091724,8,5,5,46029,16,3,3,6,69749736,1584055,0.631
6,3,617419570,2,1,6,130601,10,24,8,1,35073526,2035349,0.491
7,6,954319456,4,3,11,112959,2,18,7,2,70857129,1336785,0.748
8,2,999937520,8,4,14,63256,10,26,23,5,112833413,1669585,0.599
5,8,67822899,4,2,14,111384,6,10,19,1,124548283,1631739,0.613
6,7,239742584,7,1,11,109160,5,12,30,1,113370691,1777363,0.563
2,1,149565878,8,5,6,65581,16,9,22,5,62816653,1858884,0.538
6,1,567642451,5,5,15,63060,4,20,21,6,76650447,1478837,0.676
6,4,693665338,3,1,13,110764,15,10,10,2,41058570,1488485,0.672
5,7,446425712,3,4,16,11127,7,6,9,1,51472959,1795922,0.557
8,8,331085031,5,2,2,25298,11,13,32,1,115321634,1684275,0.594
5,8,831778536,7,5,14,71964,16,5,6,8,60300719,1552614,0.644
5,6,419439909,8,1,7,26519,3,29,19,3,93487802,1735433,0.576
1,6,284220449,4,5,14,29452,15,14,23,2,85987769,1827956,0.547
7,5,38478611,6,5,8,62786,13,10,11,1,100218868,1625149,0.615
1,1,915296524,4,2,6,111536,9,4,2,5,46211386,1804578,0.554
5,5,573058565,2,3,11,35555,15,16,24,7,81324060,1619341,0.617
4,6,375073595,5,3,11,94060,4,9,18,6,86619116,1445283,0.692
1,1,845378139,8,5,9,45617,6,19,21,8,52556370,1417474,0.705
8,8,215001449,5,5,6,15147,5,21,21,3,83069098,1432373,0.698
6,6,347770442,3,5,11,59847,9,16,4,2,97200360,1628388,0.614
4,1,33876026,5,4,6,23269,8,18,11,6,103131583,1172640,0.853
3,7,348884452,3,4,7,49926,4,13,4,6,42187887,1734662,0.576
4,3,438810494,7,2,6,19378,15,18,25,3,79282919,1530217,0.653
8,5,688756717,7,2,10,67953,8,11,30,3,40047845,1044685,0.957
8,4,265948610,5,5,8,29575,3,23,27,5,80462474,1379390,0.725
4,4,943457072,6,3,11,31199,10,17,4,5,128298006,1160498,0.862
6,8,93462312,8,2,4,82630,16,20,32,8,74549887,894172,1.118
3,6,83305384,5,5,10,55768,6,18,32,6,130409222,1227584,0.814
3,1,891463053,2,3,9,87272,7,8,22,6,118993464,1115110,0.897
3,4,464468021,7,3,6,102520,4,17,21,4,62691472,1885390,0.53
8,8,694565180,7,1,11,35894,6,17,8,4,116955393,1447435,0.691
3,4,477785522,8,2,10,55239,4,32,16,8,113434625,1693812,0.59
5,4,149494428,8,3,14,82585,3,15,19,8,83769811,1476830,0.677
7,7,913481440,3,1,10,21840,14,25,21,6,51376144,1517109,0.659
2,8,232329802,4,5,7,88012,8,19,28,8,55805832,1717407,0.582
5,1,734803127,6,1,16,23538,4,4,29,4,61105762,730759,1.368
2,6,158019367,7,2,6,128433,6,30,7,1,76725522,1089156,0.918
3,5,515839937,5,2,5,51352,7,18,28,3,41581012,1447959,0.691
1,8,162233463,3,3,16,38411,5,4,18,2,125478028,1257521,0.795
1,8,1051601225,3,4,10,112905,6,32,21,1,92680991,1573583,0.635
1,5,901387658,8,1,11,75087,11,26,14,6,77992456,1644231,0.608
8,8,505658278,5,4,10,37571,16,7,15,7,74664060,1044636,0.957
1,4,738312792,8,5,6,54707,6,31,11,3,82201622,1451294,0.689
6,3,892579580,8,3,8,130196,2,26,26,5,114376080,1240451,0.806
8,1,863683211,6,3,9,10005,5,32,11,2,94401162,1426498,0.701
2,1,989032161,7,2,7,115965,2,25,18,4,120459825,1464858,0.683
8,7,986242165,3,2,8,20338,16,5,15,2,119009279,1460762,0.684
4,7,61296489,6,4,15,90433,13,10,16,8,131258672,1335869,0.748
7,3,314182748,2,4,13,82470,6,29,20,1,92487154,1490997,0.671
2,4,850606724,5,2,16,82667,10,24,30,6,76824096,1557147,0.642
7,2,261620979,5,5,4,129330,9,24,24,4,97582516,1482601,0.674
3,6,461325409,7,4,11,94142,11,32,8,7,93912129,1445431,0.692
3,4,530038243,5,5,16,30639,11,24,3,3,49205590,1376225,0.727
3,3,721438457,5,4,10,47814,10,4,4,2,41986337,1784927,0.56
3,1,177533094,6,1,14,44276,2,3,11,7,122426471,1326891,0.754
6,1,671476201,4,1,15,91598,12,3,29,5,120609842,1537557,0.65
3,1,703789514,2,1,4,9893,2,8,3,1,124225058,1234158,0.81
4,5,630908498,3,1,12,10229,7,11,17,3,94374486,1659079,0.603
8,7,883124087,5,4,3,82363,10,31,6,2,108589212,1791376,0.558
1,5,404390046,7,2,13,94886,4,4,32,2,43640760,1521217,0.657
2,7,333422569,4,3,6,45618,10,16,3,7,70837051,1423218,0.703
8,4,308258661,7,3,14,42536,2,6,32,7,86057693,1526146,0.655
1,2,16495791,4,4,15,53626,7,28,11,1,96718219,1566769,0.638
4,3,863169998,5,1,11,92860,6,11,22,3,81316825,1430068,0.699
7,6,481955173,4,5,11,8841,5,5,30,1,90703601,1502446,0.665
7,2,892768682,6,1,12,79420,4,31,14,2,49331188,725977,1.377
6,6,904741367,6,1,14,125997,13,28,8,7,121267398,1442855,0.693
3,8,459994775,4,4,4,106514,8,20,20,3,39096818,1663287,0.601
7,2,105864246,8,3,16,30451,16,14,9,1,51624936,1590257,0.629
7,6,720087471,6,2,13,69135,12,11,29,2,117732420,1182376,0.846
4,1,961475699,4,5,11,6045,7,23,25,3,44852037,1418997,0.705
3,3,41644427,3,4,14,122787,16,15,14,8,56154345,1349250,0.741
3,6,64664362,5,3,13,96040,5,13,10,7,81556439,1317734,0.759
3,2,756290303,8,5,4,45772,9,27,4,2,61909449,647468,1.544
8,3,527274690,4,3,2,128588,7,18,4,4,84642019,1792207,0.558
1,7,619156019,4,5,8,106338,11,27,15,6,49299056,1660346,0.602
7,8,459766009,7,1,10,46774,5,11,26,7,107916076,1415843,0.706
4,4,219042040,4,2,8,23798,7,11,12,1,39441903,1592990,0.628
2,5,199540982,7,3,4,100297,15,19,4,3,78386299,1536480,0.651
7,3,57367984,4,5,13,13910,14,10,8,5,66266602,1600945,0.625
8,7,762529211,7,4,5,102215,5,19,23,8,49605257,1691549,0.591
1,4,606217889,3,5,10,21534,15,6,2,8,36794715,1384725,0.722
6,4,603526446,6,4,8,6060,4,16,26,6,128301716,1730534,0.578
4,1,797988334,3,5,7,41726,3,27,4,1,119296342,1642718,0.609
3,7,828291767,3,1,15,129384,15,9,12,8,51985864,1660161,0.602
4,4,87455678,7,3,12,77621,11,23,4,1,94069140,1428389,0.7
2,4,340949943,3,2,2,11909,7,15,6,7,46972107,1271218,0.786
2,7,878298598,3,2,5,57467,10,31,21,7,113825148,1550459,0.645
2,6,1008273274,4,3,13,45338,15,21,14,8,101648934,1429747,0.699
2,4,969884638,5,2,3,93213,9,20,7,1,89235524,1558914,0.641
8,8,759156054,6,5,14,29854,12,15,19,5,100126007,1564362,0.639
6,6,227821142,7,3,6,93315,10,32,3,8,67282213,1751878,0.571
6,3,612610428,8,2,11,95414,16,25,24,1,131650391,1182434,0.846
4,6,353456964,4,4,2,41283,9,2,32,8,43044812,1619160,0.618
5,4,189339059,2,1,16,29981,16,11,4,7,67132277,1071693,0.933
4,4,277618303,8,1,5,101653,6,27,15,5,69355514,1573995,0.635
3,1,655046942,4,1,4,66462,2,14,23,8,60231046,1765692,0.566
3,6,931022557,3,4,12,70964,15,29,16,3,45597158,1896773,0.527
8,3,862838058,7,2,6,43416,2,5,22,1,46865008,1469641,0.68
8,2,896882152,7,3,5,69434,7,12,27,6,36776744,1689420,0.592
1,1,793226482,3,4,15,55799,3,28,19,2,117341807,1298849,0.77
3,1,935390839,4,2,10,28945,11,18,7,3,47564430,1405260,0.712
2,1,4232823,6,2,8,97995,11,21,9,6,62071237,1580255,0.633
7,7,182207625,3,1,8,5963,5,14,18,3,130037004,1414637,0.707
5,6,769615958,2,3,4,10898,8,31,7,2,87375692,1766603,0.566
4,5,795645325,3,4,13,126657,10,29,24,4,117037439,1035493,0.965
5,6,39677085,5,1,3,65250,5,12,13,8,130846535,1443097,0.693
4,2,224516528,7,3,2,41597,6,8,13,7,61107209,1206060,0.829
4,5,208532447,7,1,3,121914,2,32,8,8,116566233,1574250,0.635
6,4,536877808,6,2,16,96103,9,30,27,2,35262934,1873350,0.534
4,8,598656350,5,5,11,49886,16,25,5,3,76607800,1611068,0.621
3,6,397742738,7,3,11,90865,16,20,27,7,131892940,774864,1.29
7,1,639160329,8,1,13,42232,9,14,10,8,55428427,1533363,0.652
4,5,189650644,8,1,10,31425,16,2,31,4,51477428,1274981,0.784
8,7,678148334,5,2,8,130185,5,5,8,7,134077598,1641801,0.609
8,7,371711104,3,4,14,87824,6,15,7,7,89712138,1182235,0.846
5,7,849000903,5,3,9,33022,5,22,11,5,48253434,1185800,0.843
6,2,516020650,6,5,15,93948,9,8,30,8,78661177,867698,1.152
3,5,892236003,5,2,16,50335,13,30,12,1,40020754,1434267,0.697
1,3,167571324,3,4,14,11745,14,17,7,6,130213666,1379116,0.725
8,3,332005692,3,3,11,67850,7,6,26,4,43997863,1113422,0.898
7,2,901614546,4,1,8,5281,6,24,10,2,102227943,945561,1.058
8,1,930524952,4,2,14,10547,8,6,22,8,49184226,823716,1.214
6,3,418314997,7,4,13,99631,10,2,15,2,123971400,1252774,0.798
2,1,373944496,3,5,16,119845,9,12,13,5,81365231,1550546,0.645
6,5,718034041,3,1,13,108097,12,7,6,5,39536391,1079680,0.926
2,2,455520158,4,5,3,15904,16,10,28,3,57130611,1393578,0.718
5,2,201509100,7,5,12,46175,12,13,10,2,113194275,1092826,0.915
6,8,423713414,2,5,3,71597,5,16,22,4,133479358,1143985,0.874
5,3,105165853,4,3,14,95805,16,16,32,7,42930487,1061351,0.942
3,5,268297936,3,1,6,90005,7,19,20,1,43966524,1066766,0.937
3,3,284702212,8,2,2,94708,2,7,4,3,100473939,1619456,0.617
7,8,703471183,3,4,10,13912,15,21,10,3,118936325,1259041,0.794
7,1,919879507,2,3,4,72787,14,18,22,4,42037795,1483226,0.674
4,1,883271572,5,1,9,55977,6,2,9,7,96543399,1298345,0.77
5,2,299697313,7,4,16,34628,6,12,25,7,114538247,1392197,0.718
6,7,444061167,6,4,9,43231,6,6,3,8,77591618,1452964,0.688
5,4,463460349,7,2,15,6810,6,23,10,7,57843410,1791491,0.558
1,2,324589991,6,1,12,119385,14,24,28,2,58585605,1499839,0.667
1,4,123005444,8,1,3,107228,12,13,23,2,81563661,1646581,0.607
4,3,991290410,3,1,15,81352,6,6,15,8,51015403,1521366,0.657
6,4,742531131,8,2,11,120948,2,31,3,3,110738479,1625839,0.615
8,2,386705316,2,1,3,117461,3,28,24,4,105702585,1487860,0.672
8,4,464170539,2,2,14,51885,5,27,26,8,99712603,1546194,0.647
2,7,1024107856,8,2,13,58023,10,6,21,3,53234943,1833610,0.545
2,6,346271747,4,5,4,44091,9,11,5,2,57816623,1821835,0.549
7,4,417954581,5,5,4,115429,9,22,21,7,92868794,1409880,0.709
7,5,596327829,4,1,10,29797,15,18,2,4,82159922,1562880,0.64
7,5,653963472,3,3,3,112785,10,23,27,8,44196106,1832800,0.546
4,3,281907972,3,3,3,73810,13,23,20,8,74984229,1475304,0.678
8,8,205977849,8,5,13,68397,12,10,9,7,99823023,1043055,0.959
2,5,708813693,7,4,11,46208,5,3,29,2,110687589,1271877,0.786
4,2,461042170,7,1,4,83125,2,4,19,6,101543422,1435173,0.697
8,2,1072088794,2,4,9,55915,5,20,31,6,115332363,1483650,0.674
8,4,536181722,4,3,3,78892,11,32,9,1,100729892,1393384,0.718
7,8,949797498,7,5,9,106128,7,6,26,6,91729901,1719557,0.581
4,2,67588334,5,2,10,73780,15,11,19,1,84239936,1644179,0.607
1,2,476501194,4,3,16,25739,5,24,20,6,87468197,1821500,0.549
3,1,470186101,8,5,10,121481,6,16,27,8,68934374,1314727,0.761
3,4,427996499,4,4,5,4673,11,2,5,5,44805305,1615722,0.619
8,3,568760578,5,1,5,12467,10,24,32,7,105782440,1287218,0.777
5,2,939101685,7,2,3,61284,15,30,9,7,77440560,1250429,0.8
6,8,727617730,7,5,13,87531,4,10,29,3,122221345,1471455,0.68
5,3,961094289,8,3,7,110025,16,7,13,8,96146708,1304772,0.766
5,5,520285323,5,3,14,104328,8,9,10,4,56556458,1174618,0.851
6,8,916140351,6,3,12,70358,12,8,26,3,96100553,1660324,0.602
2,1,748121321,4,4,13,117162,14,4,13,3,95343886,801671,1.247
1,8,5214244,8,3,2,32267,3,22,6,8,69463328,985061,1.015
6,1,473507686,7,4,16,71177,12,14,13,3,84260402,1420961,0.704
6,6,108398055,8,5,4,7293,5,5,14,4,84752666,1464398,0.683
3,5,533008580,4,5,12,116202,16,20,11,6,121071393,1326425,0.754
6,7,784277849,4,1,11,103050,4,6,20,1,104241664,1548325,0.646
7,1,839673692,3,4,2,101751,14,25,20,3,132494233,1526920,0.655
4,2,1028968971,2,5,7,106366,13,23,27,2,115887415,1561338,0.64
2,8,744752232,5,4,5,62922,11,7,3,1,41190274,1440612,0.694
4,8,208684892,6,2,14,73192,10,31,15,1,102472575,1395042,0.717
4,6,169508233,6,5,8,107349,3,27,18,2,59592034,1160181,0.862
8,1,374313230,2,4,2,105486,16,9,26,4,57724407,1274456,0.785
7,6,1020374735,4,2,10,48471,11,2,30,5,34700935,1197253,0.835
3,2,845811511,7,3,8,87675,8,32,30,8,110088922,1598654,0.625
1,3,1067472005,8,5,7,95181,15,28,26,5,107537705,1687957,0.592
1,6,593502182,8,5,7,32893,16,3,6,8,61545077,1342341,0.745
5,5,103303907,4,1,11,87602,4,22,9,1,115486501,1359220,0.736
2,6,653944284,5,2,5,98675,12,18,8,5,127836759,1704341,0.587
2,4,476447449,2,3,5,27100,2,3,4,5,130612637,1320126,0.757
4,4,747255021,8,5,7,85907,15,30,29,5,95307092,1576059,0.634
5,5,839250942,6,5,3,107869,11,19,3,3,77909978,1795232,0.557
2,2,931787130,7,4,8,118126,5,2,25,8,52253707,1391561,0.719
6,5,751825175,6,1,6,61151,13,29,23,5,44931236,1298672,0.77
5,8,988466173,8,5,15,48653,12,4,31,7,122096188,1382970,0.723
6,5,669220216,8,2,11,42189,13,17,31,4,133690568,1681183,0.595
4,1,103058899,2,3,14,109512,10,12,24,5,96315219,999774,1.0
4,2,653844820,2,4,13,40846,13,12,2,2,66342265,1457929,0.686
8,7,81540820,6,2,6,55376,13,15,7,7,89616108,1859337,0.538
8,7,779301499,5,4,15,18551,13,10,22,5,74848930,1142949,0.875
3,2,41427319,7,2,14,12634,16,12,6,6,121847758,1658556,0.603
6,4,535246248,4,5,3,32290,8,31,19,6,90718856,1639707,0.61
8,4,279648569,3,4,10,11708,15,17,15,8,40453275,1658696,0.603
3,2,818535270,6,5,3,58807,14,27,8,4,115165431,1435968,0.696
8,2,215327233,3,4,8,4567,8,15,30,6,125991722,1411747,0.708
1,8,223164050,5,4,3,66621,12,5,23,2,50049092,1627593,0.614
6,4,927722396,4,2,11,43688,7,10,24,7,90515662,1494038,0.669
6,8,509616394,3,4,6,68471,9,23,17,2,81028763,1258873,0.794
7,1,328011378,4,1,12,19312,14,13,5,5,76452998,1461552,0.684
3,5,539417075,4,3,9,70645,3,28,4,6,114746944,1748178,0.572
7,6,601966166,3,5,16,9324,15,19,3,6,105170955,640016,1.562
5,7,812473310,3,4,8,51536,5,32,17,4,91898451,1151376,0.868
8,4,1007889332,8,3,11,55726,4,3,3,4,41488052,1829036,0.547
7,6,51477165,4,5,15,24771,6,25,9,2,74087630,1517713,0.659
7,4,1045817356,7,3,8,35570,14,19,16,1,118833057,1270159,0.787
4,6,150335751,6,3,14,69902,7,5,8,5,44863894,1528152,0.654
2,1,168691576,6,5,12,107954,6,3,27,8,95999749,729216,1.371
1,1,633701733,5,1,2,55723,14,11,13,7,105802876,1366997,0.731
5,7,422224507,3,2,10,43080,5,3,14,6,114731768,1448223,0.69
8,7,148818119,3,2,14,111596,4,29,26,7,68680351,1573217,0.636
6,8,952282025,3,1,8,4658,9,12,31,2,48586003,1447002,0.691
8,4,470805433,8,2,14,8220,15,25,14,5,90516693,1488564,0.672
6,8,184543073,4,1,8,65440,15,29,32,3,73245430,1417452,0.705
2,4,228115718,4,1,12,68919,16,32,4,4,129914034,1176539,0.85
3,5,566987309,7,2,7,110461,6,14,4,2,114175872,1270731,0.787
3,3,715930941,4,3,8,84518,10,28,9,5,71506255,1361422,0.734
7,6,810369269,6,2,6,10318,15,7,12,5,60355660,1825300,0.548
2,1,547245721,5,1,10,121556,11,29,26,8,99424925,1507874,0.663
4,8,772430740,6,4,10,112848,6,19,3,6,101442015,1488219,0.672
4,3,553709465,3,3,8,48175,7,17,19,6,68735714,1510270,0.662
7,1,264278988,8,3,2,75533,5,31,32,6,89419669,1489928,0.671
3,5,429624618,6,2,8,20674,11,15,11,4,64534844,1692921,0.591
6,8,166395791,4,3,11,63283,14,15,26,4,51609003,1647164,0.607
3,5,700974632,4,1,13,118040,12,10,5,8,57493155,1793069,0.558
4,2,534359129,7,1,15,95603,2,25,30,2,92022731,1463665,0.683
7,8,142934525,3,1,13,11045,7,27,20,5,58665613,1703539,0.587
2,5,693342824,5,5,2,39777,11,28,5,7,58584332,1809427,0.553
2,2,715066214,5,1,16,61037,10,18,5,8,116235949,1824041,0.548
1,5,565298873,4,5,3,67340,13,28,15,6,72930956,1737227,0.576
4,3,500035970,7,2,12,104296,16,28,30,5,126948315,2166307,0.462
5,2,552880402,2,2,10,120076,7,6,29,5,103865786,2021284,0.495
8,6,494012467,2,3,3,13916,15,16,25,1,83395880,1921159,0.52
3,5,962401827,7,4,12,19150,6,9,15,7,72647526,1471951,0.679
7,6,251028243,2,4,8,97810,13,6,31,1,131977541,1126079,0.888
7,5,203513213,2,3,5,120697,12,6,19,6,90339043,1935284,0.517
7,7,897207465,8,1,8,122523,11,12,3,6,58032395,867228,1.153
5,7,926854472,2,5,12,100806,2,18,3,4,39179766,1657978,0.603
2,7,61609892,2,5,9,109804,13,31,16,8,109875354,1126807,0.887
6,3,91952608,3,4,8,53914,16,24,18,4,107770280,1741966,0.574
3,3,814246680,7,3,9,83255,13,11,17,1,121922913,1385903,0.721
8,4,213759819,7,3,2,115950,5,27,27,7,109616409,1831669,0.546
2,8,465082503,6,3,13,123290,4,25,24,2,89478652,1768415,0.565
4,1,879585411,2,3,7,77126,14,19,15,5,129799406,1594616,0.627
4,8,710307709,3,4,16,87685,2,7,31,7,111699230,2080983,0.48
4,6,571841694,6,2,16,22586,6,7,27,6,103958556,1961418,0.51
5,6,345200859,6,1,7,25973,5,18,18,5,97297595,1590902,0.628
2,1,724671417,8,5,4,4274,3,4,21,1,51933048,1778422,0.562
8,3,197603998,2,3,10,43804,12,9,16,1,82276877,1878908,0.532
1,1,131211065,6,3,2,117001,2,7,25,8,41522621,1548140,0.646
3,5,218084337,6,2,11,49976,2,4,16,5,119868362,1782651,0.561
8,4,735349469,6,5,11,114243,13,22,16,7,47704034,1946392,0.514
8,5,924037039,5,1,11,44423,8,5,17,6,71728106,1940029,0.515
1,2,650790988,2,2,9,94258,11,9,30,3,124767518,1847585,0.541
4,1,208722870,5,2,5,107085,14,31,29,1,99265766,1623049,0.616
1,2,916063357,4,4,6,57556,6,8,20,2,56207056,2102616,0.476
2,6,591783343,7,5,9,116059,7,10,10,1,71951314,1786875,0.56
4,5,598308285,6,1,12,66026,7,28,10,1,89731610,1887152,0.53
4,7,429516867,7,3,2,74190,13,16,28,4,49497334,1413171,0.708
7,1,795740566,3,5,2,115964,4,22,31,5,101532765,1632916,0.612
6,5,796497368,6,4,15,38696,16,25,24,5,108224113,1958491,0.511
1,4,22359994,4,3,8,15501,7,3,19,4,106555331,1740616,0.574
5,8,551091546,5,3,8,41408,6,5,2,2,121337395,1596181,0.626
2,1,765312694,7,2,12,36964,16,10,23,4,96314408,1820701,0.549
4,6,1001260643,4,4,3,85817,8,29,15,2,47529453,1716134,0.583
3,3,410585176,4,3,14,11182,15,4,28,5,73069345,2244220,0.446
2,5,368020739,2,3,15,54061,12,29,11,5,62561947,1794629,0.557
1,1,870065588,7,4,4,61868,6,12,10,4,117508856,1743399,0.574
7,5,833937725,3,2,15,34539,6,15,21,2,132620019,1108749,0.902
3,1,78819532,2,2,15,92569,8,31,7,2,133423336,1343618,0.744
6,2,848713078,6,5,6,55807,14,17,12,6,45370316,1209049,0.827
4,6,836615662,4,3,14,14290,6,22,22,3,53322405,1309786,0.763
7,1,660580428,8,3,2,24523,12,20,8,8,73648595,1279904,0.781
6,6,826978562,6,1,8,117957,10,11,27,3,84786255,2239315,0.446
2,6,329680533,8,4,14,49967,13,10,9,8,48247769,1751629,0.571
1,5,1071926359,6,1,5,118902,12,16,12,2,96776160,1727076,0.579
5,3,397254735,7,2,14,25999,12,19,3,6,112786781,1537896,0.65
6,3,989422994,7,1,11,68175,3,9,32,3,60967831,2116317,0.472
8,3,1012673178,3,4,4,79901,10,26,31,4,63403509,2094275,0.477
1,4,399290286,6,5,10,16894,15,10,16,8,73768216,1975468,0.506
3,8,146955876,6,3,4,120509,10,3,5,7,122338439,2108192,0.474
2,3,737002072,4,3,9,119844,2,21,24,8,59386683,1934307,0.517
3,7,426223514,2,1,6,55548,14,23,5,3,67955379,1673662,0.597
4,3,184189862,8,2,12,115462,14,15,8,7,79438859,1708116,0.585
2,8,90097988,6,1,14,53005,3,10,3,7,101472473,1970746,0.507
7,3,64787798,2,2,6,30829,4,15,26,6,105144270,2005563,0.499
4,3,834712372,8,1,4,90293,6,15,16,4,133463916,1757237,0.569
6,8,507406290,5,2,11,130307,14,19,17,4,100523796,1776135,0.563
6,4,165073035,7,1,12,21917,12,3,4,8,54658717,1832461,0.546
5,6,119209332,3,2,13,42003,11,7,24,4,36027896,1746688,0.572
7,3,354059876,5,5,10,114969,4,27,20,3,43251261,2199271,0.455
1,4,435503688,8,2,4,95836,9,32,6,8,123039924,2120387,0.472
4,6,779428822,7,4,10,33140,5,11,10,2,95887676,1521173,0.657
6,4,1044755050,2,4,15,95998,15,19,5,8,132736176,1676490,0.596
3,1,597030004,3,3,12,26219,15,20,21,4,117850076,1856558,0.539
5,3,823634185,2,3,16,41077,8,3,27,2,100195445,1822662,0.549
3,6,855090229,8,3,13,117763,8,16,18,7,51715180,1679861,0.595
6,5,766718673,8,5,9,22289,11,31,28,7,44581672,1854798,0.539
3,7,862506981,2,1,9,39036,14,4,4,5,122303685,1874108,0.533
6,8,239778431,4,3,3,85319,5,4,18,8,81368512,1900562,0.526
2,7,945549940,3,5,10,131012,16,21,24,7,70569476,1892659,0.528
5,6,341271491,5,2,11,119342,5,20,24,5,119007134,1413821,0.707
1,1,708404085,7,4,14,22272,16,17,9,5,95302514,1677365,0.596
1,8,345330449,5,4,16,127954,11,13,10,2,69743004,1559792,0.641
3,6,44570472,2,4,16,79788,4,17,5,3,98181417,1804953,0.554
4,8,1058669574,2,3,16,16736,14,12,11,7,113979383,1778463,0.562
1,4,938132813,5,1,3,45554,11,22,21,1,126760725,1382703,0.723
4,2,13948238,4,4,11,48191,16,7,17,4,39073677,1667828,0.6
1,6,233828685,2,4,16,27354,15,24,18,8,51838020,1828073,0.547
7,5,406778887,7,5,7,18689,9,25,31,2,118043889,2060067,0.485
1,2,655690601,4,5,6,114963,8,12,22,4,77250413,1608260,0.622
7,3,69843813,6,5,4,66496,2,30,22,2,43168557,1940372,0.515
2,7,444395103,4,4,4,95257,15,31,8,3,129989758,1953655,0.512
4,5,586849336,7,5,9,48766,5,6,14,7,78790101,1876637,0.533
2,4,861418196,5,2,10,70914,4,13,14,5,45636779,1853520,0.539
7,6,57839763,8,2,7,25593,5,10,30,1,82918036,1882335,0.531
2,6,162604985,6,2,9,18133,14,23,10,1,88178587,1424917,0.702
6,7,191817096,8,1,8,48934,5,21,14,2,122344306,1635643,0.611
1,4,337185261,7,2,12,67771,8,5,21,1,120173934,1370296,0.73
7,5,465939729,8,1,5,32333,11,24,4,2,38308480,2016218,0.496
2,2,111686217,7,2,7,54567,4,8,18,3,46773946,1517034,0.659
4,7,593272455,8,3,5,98138,11,20,26,5,99382738,1688362,0.592
5,5,449706746,4,5,7,4891,10,26,7,4,95736723,1795535,0.557
2,1,662327435,8,1,15,84253,14,20,3,2,113250305,1794236,0.557
4,4,579944157,2,2,9,71985,15,13,14,1,67261566,2036365,0.491
2,1,62581869,4,2,9,38779,16,7,23,8,85178969,1735141,0.576
5,3,834562023,2,3,14,32019,8,25,32,8,61185969,1916274,0.522
6,4,810161610,7,1,5,113150,16,24,3,5,109959109,1821397,0.549
6,5,161677715,7,4,8,53275,10,32,29,1,63114648,1615495,0.619
4,6,227298305,4,4,10,77146,8,18,25,1,93164602,1690525,0.591
3,4,944340483,2,2,2,32605,14,13,20,8,116556606,1939965,0.515
8,3,387304518,3,4,5,44069,10,32,26,8,90099965,1056921,0.946
2,4,875751272,7,5,11,114598,15,32,31,7,82705392,1804728,0.554
8,8,275408739,8,4,12,115384,15,2,31,2,84811027,1882413,0.531
7,8,1056407498,8,4,14,32723,16,22,13,2,79176782,2024615,0.494
5,2,554433692,6,5,8,83758,15,4,22,4,94093861,1612487,0.62
3,3,688011142,2,5,7,49554,3,21,28,4,52445252,1658479,0.603
7,1,312529449,5,1,15,67766,4,31,8,4,73342251,1585084,0.631
1,2,120713811,3,1,13,107837,13,29,29,8,123480763,1198799,0.834
5,1,758784669,2,5,16,16491,2,23,28,8,53689842,1630262,0.613
2,4,496082486,7,5,3,44304,6,10,30,2,112948906,1919341,0.521
2,8,974434366,2,4,3,62553,3,19,5,7,52642041,1649511,0.606
5,1,927025271,7,1,11,102303,13,27,22,2,110241374,1788176,0.559
3,8,746630400,7,4,14,7921,6,13,25,7,51796527,1745700,0.573
5,7,69447411,4,5,3,98805,10,9,19,4,46379204,1827765,0.547
5,3,727945087,2,1,16,13164,4,14,16,2,100694075,1071277,0.933
1,2,242278591,5,4,5,17362,3,9,28,3,125490039,1312139,0.762
2,6,853597216,2,4,13,9448,13,14,18,6,75636732,1166889,0.857
8,8,848241598,3,4,9,120013,14,31,13,4,70538777,836530,1.195
4,2,874327984,6,5,10,10160,10,10,31,4,44798547,1375279,0.727
5,5,450365049,5,3,2,36013,9,29,16,2,38568327,1532428,0.652
2,8,789712348,8,2,2,117225,15,27,4,3,90835706,1639540,0.61
3,7,420024113,5,5,5,97095,9,27,4,3,124078526,1727076,0.579
7,4,336173730,2,5,6,28749,10,17,5,8,38104970,1828996,0.547
2,8,60042449,5,5,16,70837,2,31,11,8,111469651,1716785,0.582
8,6,712663326,4,1,2,28134,3,26,4,6,38673217,1674621,0.597
2,1,526610723,2,1,12,80640,14,16,26,7,66342129,1856799,0.538
7,2,907209296,6,5,13,15588,7,17,23,8,65142665,1537557,0.65
6,2,22782824,2,1,3,54199,8,4,28,6,51744987,1502658,0.665
8,3,199029488,2,2,5,21102,8,4,22,5,104105941,1897619,0.527
2,5,581410582,5,4,5,48590,4,9,23,5,52679905,1909187,0.524
6,2,67978212,6,2,3,43629,2,27,23,1,85535731,1884914,0.53
6,7,210580232,4,5,7,9676,5,30,32,1,43314416,2174825,0.46
3,6,182444891,8,2,3,52570,6,3,12,1,116082672,1618748,0.618
3,2,676795090,8,4,11,129628,14,23,8,3,67428251,1926886,0.519
6,7,592649678,6,4,13,63992,13,21,21,8,44844674,2095478,0.477
5,8,141071984,6,5,11,85369,4,22,5,2,118141135,1986401,0.503
7,7,735914206,3,5,13,6011,9,9,22,1,59195064,1762555,0.567
7,2,83859015,3,3,7,100694,10,14,32,7,73433930,1713114,0.584
4,5,540530439,4,1,4,78811,11,31,10,4,129729215,1850025,0.54
4,5,860814293,7,2,4,44408,3,11,23,6,112728244,1829658,0.546
4,1,959033812,7,1,8,27013,6,8,11,5,106579663,1819832,0.549
2,6,116822212,3,4,15,22668,5,32,13,6,43167092,1566862,0.638
4,6,296031376,3,2,14,111618,12,13,8,7,123530042,1811082,0.552
5,4,767283903,2,5,9,130592,5,15,19,2,131412518,1636264,0.611
1,4,100621577,8,1,13,125902,11,5,3,3,41474917,1633719,0.612
3,8,425552656,5,4,10,72705,15,21,23,5,123580432,1970598,0.507
7,5,1017210591,4,2,6,12813,16,19,10,1,118174767,1967450,0.508
1,5,860155038,4,3,7,69012,5,2,12,6,76767500,1516941,0.659
6,2,913695715,8,5,5,65085,10,15,20,5,86605885,1889787,0.529
7,7,571722706,6,3,9,77972,3,9,24,1,127080192,1715780,0.583
3,4,626160421,3,2,5,80706,11,3,19,6,107905690,1732687,0.577
4,6,686731458,6,1,12,61044,15,7,3,8,49002553,1725842,0.579
5,3,141895262,3,1,5,127698,4,29,28,1,132479302,1724652,0.58
8,2,80869686,6,3,14,84848,9,12,30,4,110079082,1636077,0.611
1,4,938690192,6,1,4,57664,10,13,13,6,68669071,1687510,0.593
4,8,39327290,2,3,13,128539,13,27,26,6,42468408,1393852,0.717
7,4,930319521,4,3,14,15731,10,5,24,5,44960127,1196424,0.836
5,4,160024629,8,1,4,28773,9,15,13,4,108082293,1793960,0.557
5,2,773633156,4,1,16,63069,3,6,13,1,79210311,1413569,0.707
6,2,890985825,7,5,2,28985,14,32,22,3,62720804,1704187,0.587
6,7,62776938,4,4,7,8941,14,31,28,8,71272534,1962096,0.51
1,4,944365070,2,2,13,112104,5,4,16,1,99051942,1877511,0.532
1,2,943352909,7,3,12,62385,15,19,15,3,40932356,1219109,0.82
3,7,488466309,2,5,15,25928,5,12,5,4,125925232,1995808,0.501
5,3,158575438,6,2,5,72944,3,30,2,1,98643780,1783290,0.561
2,2,384310549,7,4,15,125907,9,13,21,7,127051487,1896324,0.527
2,8,806783664,2,1,15,67515,12,17,8,3,79095678,1436457,0.696
2,7,869049158,5,4,13,95448,15,11,3,7,58383820,1538156,0.65
7,6,601786288,5,3,10,105724,12,24,24,8,101284548,1991143,0.502
3,1,602346074,3,3,6,32672,16,24,4,7,85457349,2006593,0.498
3,3,385510752,4,3,12,21518,8,6,19,3,47158204,2177491,0.459
7,7,596332434,8,1,10,102271,15,31,7,1,60659142,2017275,0.496
8,1,579648962,7,4,14,100695,7,2,19,6,88319087,2170454,0.461
2,5,162259653,4,3,6,70952,15,13,17,4,95485985,2220100,0.45
8,5,397005557,5,5,9,22888,14,25,3,4,113548248,1912221,0.523
8,8,1071174227,2,3,5,37629,4,8,6,5,66728841,2158959,0.463
8,2,887654938,8,4,4,65441,10,32,25,5,88853835,2053556,0.487
2,1,92520707,5,4,12,120166,7,23,31,8,49207882,2068427,0.483
2,7,671661083,6,1,8,124584,13,20,14,8,58372531,1809381,0.553
1,4,951616657,6,3,16,82607,7,13,14,3,84759157,2308232,0.433
8,4,373157857,5,2,2,103322,16,32,3,1,101327025,1269612,0.788
6,8,468035909,2,2,9,9220,15,15,24,7,42000078,2047401,0.488
4,3,874407630,3,1,13,113797,7,31,32,7,120042199,2062642,0.485
1,3,542095787,4,1,12,42990,4,26,10,6,119407233,2057791,0.486
3,2,806424581,8,3,2,96452,13,17,10,6,120783595,2001513,0.5
2,5,732910252,8,4,16,68064,4,8,23,3,89905628,1974633,0.506
6,1,974647277,3,1,10,126643,11,3,11,8,112222597,1971927,0.507
1,3,665133838,2,5,4,97840,4,19,10,8,124599655,1952469,0.512
2,3,728435482,5,4,12,53898,15,2,16,2,112236871,2223417,0.45
5,4,759548129,5,2,2,48890,11,22,4,4,50768153,2124179,0.471
2,3,945520942,6,3,12,105153,16,3,30,7,65274951,1836732,0.544
3,4,377708605,8,2,6,31208,13,23,31,3,65834242,2043063,0.489
6,7,809956768,2,2,11,77808,10,8,32,5,38241343,1704053,0.587
1,7,541843367,6,1,10,7345,2,8,14,4,68109416,1795116,0.557
1,8,902674099,7,2,4,48903,2,32,26,7,37897969,2012582,0.497
5,3,252128674,5,5,2,87362,10,18,16,5,125889928,2162793,0.462
7,2,47243840,4,3,7,13123,4,28,2,5,125198330,2267851,0.441
2,4,698405590,8,5,12,107954,3,21,2,5,63619734,1761205,0.568
7,4,127262364,6,4,16,103951,15,25,26,3,123631561,2065010,0.484
8,7,247441077,2,4,11,64055,15,22,15,6,41577472,2165955,0.462
4,7,641005129,2,4,11,19940,4,15,12,2,131145600,1999340,0.5
8,4,727714594,7,5,2,100449,4,26,29,6,107018823,1875370,0.533
8,6,358497022,6,4,13,85236,16,20,2,7,121879947,2189654,0.457
1,4,18679742,8,4,15,63710,4,3,5,1,81528245,1810869,0.552
7,7,306933917,3,3,12,102407,2,32,7,2,122406117,2194512,0.456
5,8,922647091,2,1,12,101532,13,11,19,2,129867615,1866681,0.536
2,1,468146947,3,2,15,21781,13,6,19,6,53692208,1840471,0.543
4,8,413203863,5,5,3,110249,12,22,21,8,50950837,1960342,0.51
8,1,352269952,8,2,12,70255,2,15,17,1,119810693,1763755,0.567
6,4,141096072,6,2,6,104187,9,21,12,7,114737521,2007907,0.498
4,1,212056605,2,4,10,44372,10,18,8,8,128941461,2210203,0.452
5,7,234518330,6,2,9,11591,15,14,5,7,72672180,2138264,0.468
8,2,601959953,2,5,6,58846,10,18,31,5,124367872,1809332,0.553
6,5,353602180,8,1,15,130812,16,3,5,3,115039865,1769441,0.565
3,4,960959763,7,2,7,79132,9,4,22,3,66328489,1742193,0.574
4,8,481702228,3,4,7,125498,4,13,20,5,66157961,1797371,0.556
3,1,972599822,6,5,12,113474,10,10,7,7,125452484,1750743,0.571
5,4,772648201,4,1,4,58115,16,28,20,2,104275160,2066482,0.484
3,3,59473467,6,3,11,58677,2,16,11,8,62177609,1518946,0.658
5,5,375081666,3,4,13,116747,7,6,27,8,51566999,1698484,0.589
7,6,738972429,6,3,12,65894,6,13,12,7,114966405,1890609,0.529
2,4,692676533,2,2,2,122895,3,17,26,8,128197802,1381996,0.723
8,5,238161922,7,1,10,20078,2,30,12,5,87787945,934474,1.07
5,4,171216461,4,3,16,7435,11,18,19,5,34572553,1255989,0.796
1,6,969235748,7,3,16,73823,2,16,31,6,111372557,2011291,0.497
7,6,713413161,7,2,9,91574,2,20,29,1,128059253,2052625,0.487
4,2,351464390,6,3,5,106975,12,22,15,7,90931767,1652422,0.605
8,5,156582617,8,4,5,14131,16,10,7,7,34832017,1864190,0.536
6,6,248595946,6,2,9,115330,12,6,4,8,43228288,1630034,0.613
6,3,1047498368,5,1,2,108945,11,14,25,5,46352226,1527888,0.654
7,7,226408044,4,3,9,61344,4,21,3,1,72300706,1371177,0.729
6,3,1059346963,4,4,8,7886,15,27,32,7,72856448,1983509,0.504
7,3,30855100,8,3,14,32798,6,17,22,8,115510056,2084962,0.48
2,6,707230384,7,5,7,34787,10,17,7,1,40398456,1998828,0.5
3,5,196699598,4,1,4,65211,4,13,2,5,75884549,1653359,0.605
8,8,489042475,7,5,16,110311,16,24,9,2,67399832,1770039,0.565
7,1,11867336,7,5,2,108150,2,24,24,6,78234795,1509472,0.662
4,3,423408666,4,2,11,37358,12,3,28,8,36893291,2230499,0.448
5,2,846728431,7,1,2,22281,12,24,15,3,87341095,2109459,0.474
2,1,126729568,5,4,6,44829,2,24,32,4,99566848,1904116,0.525
6,3,274812270,2,2,8,27890,10,17,8,6,99914218,1992488,0.502
6,4,845608996,5,3,9,65747,15,18,20,2,123821535,1388726,0.72
5,1,598851551,8,4,8,102896,14,30,30,3,125992898,1977062,0.506
6,5,908421333,2,1,5,109393,9,30,28,3,41045203,1764683,0.567
3,5,330451309,7,4,13,122642,5,14,26,8,114171052,1661013,0.602
2,2,925167417,7,1,9,7415,15,4,15,7,38006793,1748193,0.572
6,7,468010933,4,3,13,47751,9,32,12,8,84436092,1460246,0.685
7,5,235938843,5,1,10,53520,13,17,22,7,36482491,1561136,0.64
4,4,705505238,6,5,5,42208,4,6,12,5,91915896,1718859,0.582
6,6,118584037,5,2,5,97563,7,8,17,2,128343295,1977582,0.506
1,2,1036623004,6,5,10,61861,14,12,2,1,78345447,2028113,0.493
8,1,453239260,6,5,5,12806,3,2,23,5,67019967,1883987,0.531
7,3,980666314,7,5,7,71633,13,4,2,2,124002673,1600914,0.625
4,7,753311342,7,5,13,51061,5,6,10,2,99720546,2261103,0.442
3,4,730722413,5,5,8,80018,11,22,19,2,101978774,1960557,0.51
7,4,109005911,5,2,5,116389,9,18,12,7,36168758,1861746,0.537
8,3,559543838,4,4,8,75045,15,2,18,1,38803012,2118504,0.472
3,7,680042957,7,4,15,45166,7,32,32,4,33712223,1933544,0.517
7,7,555987343,5,2,11,56440,3,28,13,2,62944439,2181591,0.458
5,4,821071050,8,1,14,61129,5,25,31,2,47093451,1641006,0.609
2,8,599877607,4,1,7,87839,9,7,6,6,76017615,1737948,0.575
3,2,661893546,7,5,16,130226,13,15,11,5,97435764,1794088,0.557
5,1,687070794,5,1,16,46667,7,5,32,3,86218210,1367697,0.731
3,6,73279361,6,1,7,15793,8,28,13,8,121683810,1494888,0.669
4,4,182384127,8,2,9,111558,5,21,11,5,67524061,1528094,0.654
5,3,1054392699,4,5,5,95439,7,19,23,2,66830685,1545310,0.647
8,8,762603217,4,1,13,103876,10,20,24,6,106558974,1913176,0.523
3,8,877961243,2,5,11,29497,8,31,26,6,52316031,1579417,0.633
5,6,163333884,4,3,6,110166,7,3,9,1,42414546,2004719,0.499
2,5,371794824,4,1,13,16742,3,17,3,4,46857604,1860257,0.537
2,3,333681285,2,4,2,49771,8,20,32,1,128717683,2263652,0.442
2,7,206096605,2,2,3,11704,14,13,13,8,89584192,2190446,0.456
6,8,1054830785,5,3,14,117841,2,9,12,4,74262047,1542307,0.648
6,1,535008868,3,5,2,88750,13,23,11,5,41092047,1677421,0.596
3,8,508862472,4,5,16,69212,14,21,19,2,80225906,1481582,0.675
7,8,1052435017,6,5,5,67240,4,27,4,8,62347956,1646920,0.607
6,1,903198973,3,3,15,7083,5,31,28,6,92048514,1500717,0.666
5,8,69787380,6,1,5,107139,15,17,8,4,102785675,1501799,0.666
3,3,280117059,7,4,14,15004,9,32,30,4,84803585,2155609,0.464
5,6,407716066,2,5,4,39691,2,29,30,8,36489909,1830033,0.546
4,4,148841839,2,2,6,75348,12,26,6,7,122579238,1821533,0.549
4,6,55273821,3,4,8,38918,14,32,11,3,91591699,1847162,0.541
7,2,928376810,5,1,2,43164,3,8,24,5,94016279,2459395,0.407
8,8,561354371,8,2,13,95361,14,23,26,1,49627632,1873048,0.534
1,7,498351085,8,4,2,107514,9,30,12,1,107170630,2045973,0.489
8,3,158135784,8,3,13,22404,13,15,19,2,46237121,1857955,0.538
6,2,755813265,4,1,14,108602,6,32,7,6,53487324,1833815,0.545
8,7,643623972,8,5,10,118082,13,17,3,6,94075467,2004767,0.499
8,6,292303913,6,5,11,106657,6,28,17,8,115277519,2001973,0.499
6,5,880450036,4,3,15,103569,14,20,19,3,51409462,2249784,0.444
5,2,518755967,3,1,6,117821,5,28,32,2,39456081,2233035,0.448
8,3,75365312,2,1,15,25644,5,13,21,6,63115174,1854454,0.539
3,5,952969805,5,1,4,13327,13,16,13,3,106079361,2027196,0.493
6,8,665197627,7,2,15,40536,8,9,29,3,49905129,1922965,0.52
1,3,196350439,6,4,7,11533,6,30,23,6,55900811,1945498,0.514
2,1,715733559,8,4,7,73334,8,23,14,5,100910497,2045299,0.489
2,5,656329130,5,3,6,12086,13,27,19,8,70829595,1459312,0.685
6,3,520463339,7,2,10,114264,7,2,29,5,75063725,1488261,0.672
5,3,926898245,8,2,5,46913,15,24,24,6,87594293,1885764,0.53
5,8,61323308,5,1,14,38470,5,32,20,8,39037695,1515027,0.66
7,3,856732114,7,2,14,10974,10,10,12,2,49207647,1473737,0.678
6,6,22290767,8,5,9,34011,5,9,14,1,58231989,1743387,0.574
3,7,193176247,6,1,7,111137,13,15,4,6,49337460,1809447,0.553
3,8,698066449,7,2,5,98903,6,18,32,8,114781520,1719927,0.581
6,7,1035058561,8,1,14,52239,12,6,21,3,45384688,1699420,0.588
2,5,33347996,3,2,7,82620,8,10,7,5,125495651,1863234,0.537
5,1,153771590,4,3,11,56361,3,12,30,5,117815526,2088637,0.479
5,3,238306967,5,4,2,67600,10,18,23,4,93235672,1982368,0.504
5,6,234421058,2,4,2,78379,2,26,14,8,113245401,1775924,0.563
2,3,1058419343,7,4,5,9101,2,23,30,5,129851668,1667111,0.6
8,4,865908836,7,2,12,128388,12,8,21,2,80982728,1689386,0.592
8,1,673007918,6,2,16,69922,7,12,5,8,102633225,1743387,0.574
8,1,907562085,5,1,9,15413,10,19,3,3,108078250,1783001,0.561
5,4,8171161,7,3,8,78249,9,8,19,5,113748106,1704782,0.587
5,5,840387956,3,3,12,127448,5,17,25,4,103666079,1798279,0.556
4,3,101498754,3,4,3,5317,4,13,18,7,59358955,1651385,0.605
7,2,401249778,8,3,9,51270,5,9,16,1,70122596,1525874,0.655
3,6,288809800,4,1,12,30208,9,8,32,6,87270168,1123773,0.89
2,6,1001459650,8,5,2,56421,16,13,32,1,104616231,1594474,0.627
8,7,533663112,2,1,11,123915,10,14,24,3,84201116,1743138,0.574
4,6,1032291077,8,2,8,82109,8,9,13,5,107025619,1488338,0.672
4,7,947606984,5,1,5,90013,10,10,31,3,40920307,1040159,0.961
6,5,647795740,4,2,7,48396,8,26,2,7,130785147,1508882,0.663
7,1,729408008,8,3,2,27579,7,19,26,4,111389093,1317097,0.759
7,5,620017818,6,4,7,12192,5,12,32,6,70121271,1047664,0.954
2,1,303566601,3,5,2,123462,14,8,27,4,59335844,1396230,0.716
4,8,892455537,2,5,11,33872,5,32,31,6,79062520,1541801,0.649
3,3,230780083,7,5,13,47540,14,30,16,2,94995144,1934228,0.517
2,8,89200964,3,1,8,100898,11,5,27,4,92628464,1384502,0.722
6,1,317356324,2,2,2,19914,3,4,16,8,43536008,1168468,0.856
8,4,797221457,8,3,15,50582,11,25,17,4,77693641,1761984,0.567
7,8,152023374,2,1,11,28044,13,4,26,2,37486845,1705628,0.586
4,5,197676550,3,4,14,35077,15,8,4,6,77836177,1208868,0.827
5,4,1062366052,6,4,8,125197,4,31,14,4,119943547,1615140,0.619
4,4,106301035,4,5,2,6896,14,2,14,7,66560646,1834347,0.545
4,5,142160761,2,3,8,104694,3,6,6,4,131876032,1377034,0.726
7,1,1034687436,8,3,5,53144,3,25,27,2,117896364,1742224,0.574
4,1,220266483,4,4,10,49413,10,11,8,5,108779105,1608099,0.622
7,3,876933223,2,2,14,127168,5,2,18,2,94341676,1560753,0.641
8,4,753289900,2,4,8,63284,2,29,6,1,50051428,1553644,0.644
1,7,785358259,8,5,5,14050,14,21,28,5,81739970,1067571,0.937
5,6,992170260,7,4,12,9476,14,26,16,4,56278627,1894599,0.528
8,8,545199037,7,3,8,103224,9,19,32,7,39783428,2001909,0.499
4,2,264828700,4,2,5,115598,4,15,13,8,45924454,1667375,0.6
5,2,853333594,3,1,16,122639,13,4,8,7,108560659,1715819,0.583
1,7,1035577139,8,5,10,60772,11,20,18,3,116487965,1876306,0.533
4,8,648021735,6,5,9,35316,7,20,19,8,103771285,1850107,0.54
5,4,1070255933,3,3,3,37647,6,15,13,5,38042158,1762561,0.567
2,5,34805472,2,5,15,42611,10,10,14,5,107752153,1924416,0.52
8,5,229399277,3,2,15,122390,14,21,22,2,58593806,1420396,0.704
1,2,111468329,5,2,2,7998,13,15,26,5,75097347,1697075,0.589
3,5,155968653,2,3,4,75287,3,29,10,7,71499857,1856903,0.538
4,8,832372879,6,3,16,65341,15,12,15,8,97910790,1666827,0.6
3,2,165503614,5,3,13,77556,10,20,16,1,52572922,1676069,0.597
6,2,802643740,4,3,8,101745,4,14,14,2,65238708,1769163,0.565
3,6,551644797,8,1,3,9158,6,13,15,8,67381206,1776180,0.563
7,8,1031651652,2,3,15,72435,9,16,15,2,123240190,1634189,0.612
4,2,638375622,3,5,8,18172,2,7,4,5,81483425,2062506,0.485
2,4,669972555,5,1,10,39709,15,5,8,2,83634868,1634203,0.612
1,7,609662641,5,5,11,51574,9,21,6,5,70667483,1596204,0.626
8,6,991300616,3,2,7,42917,11,7,14,3,104036773,1734527,0.576
3,7,719850925,4,3,9,79879,3,17,30,1,82443182,1886660,0.53
6,2,78088569,7,2,2,73860,12,17,19,4,48685524,1700347,0.588
8,1,617984621,2,4,5,54268,13,24,32,4,88719883,1938953,0.516
2,4,171494749,3,1,2,107685,5,11,32,7,60095389,1441902,0.693
3,1,698958287,5,1,14,9007,11,20,28,5,68837732,1703754,0.587
3,6,210227710,3,5,7,78339,14,6,16,3,89196438,1605043,0.623
7,6,811261386,2,5,3,12931,12,32,22,2,64472347,1841919,0.543
4,6,1047492077,3,5,13,94650,13,6,16,2,71892401,1541751,0.649
6,4,917072971,2,5,9,129429,3,19,12,5,49912105,1151602,0.868
3,2,971753797,5,1,15,51277,2,27,16,4,75291097,1620640,0.617
