max_background_compactions,max_background_flushes,write_buffer_size,max_write_buffer_number,min_write_buffer_number_to_merge,max_bytes_for_level_multiplier,block_size,level0_file_num_compaction_trigger,level0_slowdown_writes_trigger,level0_stop_writes_trigger,target_file_size_multiplier,target_file_size_base,ops_per_sec,micros_per_op8,1,319570016,5,4,11,53894,11,2,28,7,132162198,24837,40.261
8,6,629990516,5,1,16,111980,12,4,29,4,76000502,20183,49.545
7,8,442801465,3,1,8,67111,2,17,5,8,133572903,22016,45.419
1,5,269602333,5,3,10,98776,14,23,32,5,45157117,20512,48.751
5,2,968487626,4,2,3,14455,10,6,30,6,51000616,23259,42.993
6,7,1051927066,2,4,5,38727,9,21,24,7,111724463,27050,36.967
3,1,770500263,3,2,11,109035,13,27,8,4,39651028,26964,37.085
3,5,111741587,2,5,13,43523,11,6,12,3,64790580,26056,38.378
3,6,377574853,8,4,8,10107,6,17,31,2,41988667,27395,36.501
7,3,1047365067,2,5,14,44517,6,32,12,1,98402739,32742,30.54
7,3,923414728,5,5,11,81650,14,4,4,8,35534672,32291,30.967
3,2,963315931,7,4,2,13397,10,12,11,4,38257815,28036,35.667
1,3,299292476,7,1,8,82163,14,10,10,8,48373593,25932,38.561
4,6,952348726,4,5,13,61237,9,25,16,5,47277866,21288,46.973
1,4,940761076,3,4,5,54058,6,28,2,2,71868133,28380,35.234
1,2,399919743,4,3,8,100573,6,22,6,1,95356476,28109,35.574
6,6,8519935,3,5,7,125158,7,18,8,1,73591897,28461,35.134
8,2,371304986,4,5,8,40978,12,8,32,8,109703939,23534,42.49
5,5,424248519,4,3,7,87308,7,19,30,1,130419912,32802,30.485
3,3,374584934,4,4,8,37479,5,3,31,1,53343901,33270,30.056
2,6,206019069,5,4,8,106603,16,32,16,1,74622962,24593,40.661
5,3,312470885,4,1,16,111290,14,20,32,5,36991628,27138,36.847
4,7,934721788,6,1,4,81315,5,8,21,4,127585924,28136,35.54
8,7,417897356,3,3,12,94525,14,7,32,3,72097063,32220,31.035
4,8,668883792,6,2,9,85976,9,18,32,7,41594637,23229,43.048
7,7,774308816,2,4,11,99518,7,20,32,7,42790070,30075,33.249
8,8,426392568,7,2,15,125444,13,11,14,2,125487609,32705,30.575
3,5,846498306,5,4,5,24475,9,20,27,1,75626904,26602,37.59
8,1,831864366,2,5,6,91293,7,9,19,7,68872678,28775,34.751
4,7,157425136,4,5,3,96741,10,24,8,4,133913517,28587,34.98
1,6,978798639,8,4,10,62765,12,4,30,7,123844352,32269,30.988
8,8,707093929,4,4,12,93267,12,25,17,6,47649628,21485,46.541
6,4,624724172,2,4,16,50062,13,32,28,2,127881850,27683,36.122
8,4,607301949,7,3,4,36042,11,3,29,6,47528357,32280,30.977
5,7,371880355,8,2,7,65158,3,25,9,1,116695800,30756,32.513
6,3,291579488,3,4,8,47729,13,13,27,1,57142580,25530,39.168
1,4,710023385,6,4,10,122336,2,18,18,2,45014380,29101,34.362
8,4,776649422,2,2,8,100926,8,6,11,1,77844320,32920,30.375
3,7,347857492,6,4,10,44123,7,7,12,2,109318102,30235,33.072
3,4,591311112,3,3,14,53864,12,16,28,4,53382807,28321,35.308
4,6,1007841004,5,2,7,26429,4,17,6,2,49861516,31753,31.491
6,3,539938922,8,4,10,25722,13,19,19,8,80072740,25397,39.373
1,7,666103862,3,2,12,73709,11,30,9,1,104714005,25937,38.554
8,4,447513043,2,3,8,35297,11,2,5,3,64801181,25270,39.571
5,3,789446258,3,3,3,48107,14,15,32,8,80354640,31656,31.588
6,4,759725495,7,3,6,23977,11,32,31,3,71830787,19456,51.394
1,1,193134769,8,5,16,64884,10,21,5,2,35397027,21500,46.51
2,2,291135721,8,5,6,76199,5,17,26,3,35963847,28776,34.75
5,7,688155941,6,5,14,129632,12,30,17,7,42512790,28638,34.918
1,3,923209429,7,1,15,24609,13,7,3,4,74750944,28599,34.964
4,7,157633118,3,5,12,25372,2,5,28,4,58027921,31503,31.741
3,3,896856716,8,5,5,28463,6,5,3,2,51845368,22589,44.268
1,6,97362016,8,1,7,33903,15,13,11,4,89121786,25326,39.483
4,7,21795386,5,2,9,96007,5,23,14,3,129592211,20610,48.519
4,3,878991917,7,4,11,64175,10,26,25,7,90915775,22624,44.198
8,2,920346228,6,4,12,120469,2,13,6,7,107344613,27428,36.458
3,5,843689927,8,3,12,23614,12,15,21,4,77886755,24180,41.354
4,7,861380081,3,3,6,117868,8,31,12,5,66703543,21497,46.517
7,7,1045720785,8,5,8,6551,6,6,12,8,125100319,27625,36.198
5,5,195194208,4,5,11,76973,6,13,9,2,34910703,31505,31.74
8,3,67536383,3,5,8,106137,13,5,29,1,113724093,30803,32.463
4,2,951727978,7,3,7,25452,14,28,5,7,41682131,26568,37.637
5,7,975545016,2,5,5,40262,6,18,11,3,116335290,24790,40.337
2,3,448201799,4,3,2,63881,8,12,7,6,120774979,32065,31.185
8,3,347346727,4,1,14,110860,12,8,9,5,83589028,35267,28.354
8,7,390126301,3,4,9,31094,9,16,22,6,64627104,20794,48.089
2,2,38063080,6,2,11,86291,8,18,26,4,82346174,31335,31.911
7,2,700586282,3,1,14,21675,3,8,10,2,66197719,32329,30.931
7,5,220463842,3,2,14,22188,5,15,2,5,53879844,23841,41.942
5,8,77032575,7,4,6,118709,9,17,5,3,34348245,28579,34.989
7,3,991327018,4,5,14,103224,5,22,16,8,42681071,27558,36.286
2,4,805612012,2,3,5,114865,8,15,3,5,125159669,31288,31.96
1,8,589071581,7,3,2,64065,6,8,16,3,60154443,34136,29.293
8,3,1045098369,3,3,4,80925,13,11,25,6,98770506,28943,34.548
1,6,594184173,7,2,5,107462,9,18,16,8,103457083,24963,40.057
4,3,574170094,5,1,7,53504,9,24,10,6,102793422,23973,41.712
5,4,603167242,2,5,3,54033,10,16,31,2,39070230,13157,76.001
5,8,456013865,3,1,8,39367,14,2,5,2,133047941,24859,40.224
5,7,481507976,2,5,11,51488,9,3,26,2,60727302,24902,40.156
1,6,115508634,2,5,11,17464,6,30,14,6,76457760,25216,39.656
4,1,712864638,7,4,12,96614,10,22,16,1,92147920,21654,46.179
6,2,984685824,8,5,11,46687,15,28,26,2,93180923,24532,40.762
6,4,12622536,5,5,7,52052,11,6,16,2,71070422,24597,40.653
2,5,878712626,8,4,5,97216,5,12,27,6,80452568,30761,32.508
6,3,345839265,2,3,10,9682,13,6,6,6,54655429,30687,32.586
8,2,828321419,2,4,15,127564,11,16,19,3,74649626,29329,34.094
2,3,883120793,5,5,4,96899,11,17,14,3,97098319,11704,85.438
4,5,467783214,4,3,8,107915,11,18,7,4,80921818,31348,31.899
7,3,116424378,2,2,13,90234,13,24,26,8,107110717,32524,30.745
2,4,960096635,8,1,2,42663,15,2,19,8,46675589,29147,34.308
3,6,815924754,8,4,16,99518,4,20,29,5,50873469,28622,34.936
7,3,860525386,3,5,5,104493,10,25,31,4,127959572,29009,34.471
4,1,883117470,6,2,15,115539,15,12,13,5,48909988,16518,60.537
6,2,851793213,4,5,3,62322,2,18,16,7,123547719,31836,31.41
5,4,941596446,6,4,11,8025,15,13,17,6,66055871,26223,38.132
2,8,639083989,4,2,11,50716,14,9,6,4,130210174,26147,38.244
6,8,701828591,3,1,8,83215,4,20,21,1,70262684,31122,32.13
8,1,952360584,8,1,14,44502,2,9,16,1,36336344,27058,36.956
4,3,1029527374,6,3,6,7460,9,25,3,5,126480287,18794,53.206
6,8,303421428,4,1,3,8009,2,17,26,7,99357998,27519,36.337
1,8,110939601,3,3,14,94784,13,25,22,4,54706060,15360,65.103
6,2,967656727,8,1,8,16247,7,27,8,7,73853370,27541,36.307
8,1,520848026,3,2,16,101121,8,11,14,2,67342939,9774,102.309
1,8,1002751819,4,2,4,57363,3,9,27,3,46183081,17270,57.901
4,7,660029481,5,1,11,46991,6,4,22,8,129043857,24535,40.757
8,2,396054678,5,2,4,51963,14,23,5,4,78760546,29935,33.404
1,4,108850704,6,4,12,69626,14,13,2,3,97170947,30313,32.988
4,6,309045651,6,1,14,82237,4,30,6,5,91670428,26377,37.91
4,3,19516078,3,3,6,25091,11,21,15,2,107718474,24157,41.395
5,6,763639036,8,3,3,46123,8,18,21,7,60527596,27876,35.872
6,3,1000193198,5,3,10,58658,16,31,22,6,66693037,28879,34.626
7,3,956323498,8,3,14,119114,15,15,30,5,87696444,31618,31.626
7,8,80523859,2,1,3,25967,11,19,26,3,86417173,26844,37.251
8,1,348063621,7,4,9,76879,2,20,23,8,42493143,33659,29.709
3,6,424316665,4,3,9,82818,5,28,20,4,87380217,29652,33.724
8,6,145210658,7,2,5,80159,6,10,31,3,132901685,26881,37.2
1,3,788753182,4,1,16,15195,14,5,11,8,51791806,29572,33.815
8,7,147150932,4,1,9,25902,11,27,25,1,131289816,31960,31.288
6,4,180568392,6,3,7,80966,2,32,23,1,54814461,33796,29.588
8,3,307978502,3,2,8,87563,15,22,11,8,105770991,24977,40.035
4,5,245648967,7,4,6,28176,2,4,2,3,116817183,33398,29.94
6,4,763729330,6,4,10,75965,9,19,11,4,97417204,27002,37.032
4,5,393014576,3,5,7,78042,7,19,12,6,123929218,28978,34.508
6,7,398691018,4,1,4,123364,16,21,23,5,112609431,28148,35.525
1,4,852627750,3,2,3,36270,5,8,21,1,124865458,29269,34.164
3,8,694608854,7,5,5,95051,14,27,7,6,111368093,32581,30.691
8,5,856323810,6,2,13,12764,6,30,32,2,45885615,32716,30.564
4,7,703713753,4,2,7,94847,3,2,29,1,92814207,26021,38.428
6,5,802825361,6,1,6,45725,5,5,27,1,133529513,31252,31.997
5,5,634351436,2,2,14,90580,16,15,17,5,92363853,22837,43.786
5,4,612127102,6,3,10,42111,4,16,3,1,126896907,29032,34.443
6,8,1024088562,3,4,10,103398,10,18,8,5,75105536,27049,36.967
5,4,240513405,7,4,14,9217,6,31,4,7,106962088,31184,32.066
5,3,714311478,3,1,3,90310,10,16,8,1,107836171,33806,29.579
8,5,218044597,8,4,13,13766,15,24,4,8,115713047,31736,31.509
2,2,492762101,7,3,2,121535,13,13,6,3,82747397,27623,36.2
3,7,543026928,4,3,9,75828,16,28,5,6,92457879,29685,33.686
5,8,165226489,8,3,16,110874,6,3,11,8,112966587,29578,33.808
3,5,813894771,8,2,7,97694,4,23,8,4,111001103,30237,33.07
2,7,625729331,3,1,2,55362,7,19,9,5,99731395,32992,30.309
2,3,904182883,2,4,16,83638,15,9,20,1,89654771,28096,35.591
6,3,212431512,4,1,9,119844,14,20,21,1,55522516,33993,29.417
1,2,444826035,5,1,14,127648,11,25,6,4,41422886,32239,31.017
3,6,854554088,2,5,4,68918,16,13,5,4,119441456,25714,38.887
1,4,135716595,3,4,7,60007,12,24,2,6,111904746,30346,32.952
8,1,99697191,2,4,13,13588,5,4,10,3,55158600,29266,34.168
3,4,70364237,8,3,14,76082,13,20,10,1,87607309,31288,31.959
8,6,1026781190,2,2,14,47587,7,15,2,3,103464473,30175,33.139
6,7,56417971,3,2,11,12404,9,8,17,6,119409653,27602,36.228
4,3,778747945,4,3,5,98494,8,3,9,2,52559649,22419,44.604
3,6,177099087,2,3,7,12617,9,16,28,4,90056697,26867,37.218
3,6,755862478,3,2,12,102965,15,32,10,2,72250299,24936,40.101
6,1,902681301,2,2,9,50282,9,23,17,6,118456310,17237,58.014
5,1,560980284,3,4,6,88090,14,19,23,6,108407569,26786,37.331
6,8,708378630,7,2,2,112655,8,12,12,8,85377881,26434,37.828
5,5,770106375,4,3,12,9861,6,17,13,8,34688897,31630,31.614
7,2,1024757976,7,5,8,88238,16,4,21,5,62358667,31668,31.575
8,4,712408315,6,3,7,124128,9,5,22,1,118698199,23033,43.414
7,6,586707581,7,3,4,92033,12,16,26,2,90411966,28196,35.465
2,7,476769598,3,1,6,82052,16,30,23,1,115776015,28527,35.053
3,1,974868377,3,5,12,50294,7,6,11,5,82650385,29416,33.993
2,7,655083707,6,2,10,47517,6,19,11,7,54700506,31634,31.61
4,8,1042848811,8,3,8,62261,6,3,31,5,111829972,28074,35.618
2,7,1046339238,5,2,9,46277,12,25,2,7,48072475,32056,31.194
1,4,183612154,4,3,9,122211,12,8,5,7,43679354,25939,38.551
1,3,218451458,6,4,14,28892,15,23,17,4,109027888,28635,34.921
7,5,809764739,5,3,5,5102,12,6,25,1,65839105,33505,29.846
1,7,658898641,3,4,8,15299,4,28,27,5,56428163,29171,34.279
6,8,106323171,4,1,12,66415,3,4,11,6,79185030,33247,30.076
6,6,354287403,2,4,16,80416,10,10,22,2,130139110,22792,43.873
5,6,900033442,3,2,12,113248,16,28,28,1,87952936,32403,30.86
4,6,820498402,8,1,10,23123,6,27,11,8,61997940,33969,29.437
2,4,940385211,3,3,2,64488,10,17,5,1,36406866,30137,33.18
3,1,461145324,4,3,16,77235,5,23,20,1,87919518,33598,29.762
2,1,183194503,8,5,16,25461,2,10,28,7,36316097,31637,31.607
1,8,527085044,3,3,6,123720,4,22,30,6,38583648,34233,29.211
2,3,361903500,7,5,2,120579,10,30,7,6,105476631,32280,30.977
7,8,431194458,6,2,12,127259,7,16,8,1,84884114,32787,30.499
7,2,234629289,6,1,13,126826,4,15,8,7,59087612,30929,32.33
7,2,10307862,5,2,3,95035,5,25,27,5,61468954,28444,35.156
1,2,54048555,4,2,5,90683,5,20,3,1,64983212,29425,33.983
2,8,376570136,3,2,4,71282,11,20,30,5,87724668,34345,29.115
5,5,287099479,7,3,3,15378,7,3,16,6,53356961,27586,36.249
8,3,530764963,4,4,3,22178,4,11,2,8,65497727,33512,29.839
2,3,141088069,2,2,3,60574,2,24,4,5,62694087,34850,28.693
2,1,138082118,2,3,9,124211,4,29,21,2,125635880,29429,33.978
5,7,831481892,5,1,12,100027,9,5,15,6,112050166,30597,32.681
1,7,663056389,7,2,10,50761,5,21,8,8,67950375,34647,28.861
1,5,70925881,7,3,7,8870,15,14,19,3,93323497,26831,37.269
6,3,684029641,8,4,12,19839,3,22,6,2,93671814,29435,33.971
8,1,1048076853,7,5,4,30864,6,3,25,6,116859984,31346,31.901
4,6,552643084,7,3,7,96576,12,16,31,5,94263161,33355,29.979
4,1,181785925,2,3,5,89498,2,11,8,6,89182700,30995,32.262
4,2,977451440,5,4,10,9762,15,2,7,1,112719242,31396,31.849
1,7,1038138254,3,2,11,10640,13,4,12,1,120344077,27005,37.028
8,3,49939821,4,5,14,71727,7,11,24,5,56959335,28506,35.079
7,2,632153172,4,4,6,20509,9,31,24,6,113430719,31687,31.558
6,2,908062925,8,5,8,55847,6,28,8,3,115515601,31658,31.586
8,5,493454439,5,2,14,4191,14,14,25,1,94721003,31094,32.159
6,1,956799173,8,5,8,121982,14,12,10,7,44195985,32779,30.506
5,5,192124561,4,3,8,101435,15,23,18,8,48503344,27821,35.943
5,2,927694541,5,5,10,48578,8,5,9,7,61521465,32887,30.406
3,3,135245054,6,1,14,81842,5,8,12,8,82462638,27129,36.859
2,3,819367182,5,2,13,49228,4,18,29,5,66991982,32959,30.34
4,3,1002617931,2,2,7,35755,15,11,3,5,129310476,27253,36.691
7,1,564024459,3,1,12,96746,15,26,10,5,51063315,31923,31.324
2,6,1000415085,6,1,2,122417,8,29,23,3,128530967,33373,29.963
7,4,183093877,6,1,2,129434,10,4,11,1,55873024,28162,35.507
1,1,1013349578,3,1,7,69062,5,7,17,2,130358686,28794,34.728
1,2,452290589,5,2,7,115219,3,19,7,2,128669092,31458,31.787
3,3,224255679,3,1,5,52922,14,31,32,7,82875179,29794,33.563
4,2,791431577,4,1,5,90499,2,17,6,2,51799169,28955,34.535
2,3,130111316,5,1,6,49346,11,3,5,4,57180309,29476,33.924
2,5,679595306,2,1,15,118904,8,15,18,4,68918409,34190,29.247
1,7,173157132,5,4,15,60173,6,5,28,3,119382225,34182,29.254
8,4,248546838,4,5,8,16542,13,17,28,7,107956676,25442,39.303
6,1,460547005,8,5,15,27413,9,13,18,7,125781850,31832,31.412
5,8,778209250,6,3,13,58728,13,14,24,4,102541583,31931,31.317
2,7,551381286,7,2,8,25666,9,13,6,5,77295185,29695,33.674
4,1,841795426,7,3,13,74694,12,10,26,1,40833578,29648,33.727
7,6,162829463,6,1,3,77175,13,27,29,5,51109346,28234,35.416
8,3,833615223,8,4,8,59356,6,4,26,2,53752449,34105,29.319
1,2,865273529,5,3,2,130345,4,16,9,8,104917602,33063,30.244
7,7,134457343,3,1,6,107400,11,26,18,1,50586794,27264,36.676
5,2,391188813,7,4,3,96724,2,28,13,6,70201143,32091,31.16
6,7,538148146,5,5,14,82061,10,18,15,3,99196415,29179,34.27
6,2,929872504,7,1,5,48499,6,32,31,5,122678916,32246,31.011
2,7,890676273,7,4,10,93452,15,16,29,7,94873441,33168,30.148
2,3,392843538,7,5,10,80848,6,8,19,4,62736699,28210,35.447
6,4,903623141,4,3,14,13046,7,26,23,7,122669466,29048,34.424
5,7,989847280,6,4,14,17886,14,10,7,5,48557791,30569,32.712
8,4,68283239,2,2,6,96299,7,18,5,1,110839533,30343,32.956
6,7,860838909,3,3,15,82652,5,26,3,5,108919410,33516,29.835
1,1,58308212,3,1,13,99231,7,6,22,8,97428948,21305,46.936
3,3,856683227,6,5,13,41051,13,6,9,4,88439138,27472,36.399
7,5,390478110,3,2,7,118397,3,23,28,5,48952430,19980,50.048
5,7,1047728700,3,1,9,74181,14,21,28,8,45871225,15861,63.045
6,3,1033710494,2,5,9,76465,15,10,13,1,96080018,21661,46.164
3,1,73637344,2,2,7,65372,4,7,17,5,129855677,18458,54.176
5,6,385318019,4,2,14,96150,11,12,28,1,36833741,28272,35.369
7,3,279504251,4,1,3,25378,8,21,32,8,70951531,23010,43.458
7,4,909389575,3,5,4,6159,3,31,22,1,44289438,20242,49.399
6,6,688103022,5,4,5,14831,5,15,3,7,61040944,24331,41.098
4,6,1022094369,4,2,14,94591,5,2,24,8,121848828,25268,39.574
6,6,360498057,2,5,6,8526,14,31,28,1,108879104,23356,42.813
2,5,625822794,8,3,10,125572,6,21,16,5,91220395,12839,77.881
1,5,558735999,3,1,14,85455,8,7,22,3,75571636,18572,53.843
2,6,465230167,2,4,7,74445,8,3,21,5,64009549,20687,48.337
2,6,483087465,6,3,13,82399,6,20,18,3,46628775,27159,36.819
5,1,132323970,3,5,3,73555,12,31,29,3,78032432,27571,36.269
8,1,532206918,2,2,9,124734,7,15,17,5,53310872,14189,70.474
1,7,382498488,8,1,16,23926,14,12,25,3,49505758,21950,45.555
2,6,32087253,7,4,4,79751,10,19,9,7,81965192,24036,41.602
4,8,1067339856,3,5,12,33397,3,8,22,4,66406685,28026,35.679
3,4,760265300,3,3,2,67281,4,26,15,2,76716613,19051,52.487
5,6,341338341,3,2,7,33642,15,26,4,5,44863713,24203,41.315
8,1,658745639,3,1,3,79284,7,24,6,8,35415343,31217,32.033
1,3,748841771,3,1,15,117349,4,20,15,4,96655503,22531,44.382
3,5,189833737,5,4,16,94274,7,16,3,5,126840989,18191,54.969
1,3,375957292,8,5,9,29986,11,7,20,4,99848820,27614,36.212
6,5,1051429402,4,3,13,101242,16,19,30,2,103234933,28433,35.169
4,6,195606651,8,1,6,25747,2,6,13,4,47755602,28539,35.038
5,1,404178193,5,5,3,129540,11,7,16,3,113783406,25288,39.543
7,2,997834174,4,4,4,83742,6,14,11,7,70529314,27316,36.607
7,7,349399371,5,2,13,105202,15,19,5,7,130118443,24262,41.215
2,3,557955341,3,4,12,93644,13,24,26,7,76090450,34676,28.837
2,6,240251723,7,3,2,93840,13,6,7,4,70616446,32667,30.61
1,5,812652984,4,4,5,90497,12,26,11,5,122433014,26399,37.879
4,1,135851424,2,5,13,5633,5,27,18,5,102089081,18797,53.197
3,1,918065482,6,1,15,64758,5,31,11,6,127887467,20752,48.187
6,6,580653877,5,3,15,77028,14,5,18,2,58252673,25608,39.048
7,1,1027530261,5,3,14,127298,10,23,7,1,76858003,15166,65.936
1,2,718212788,6,5,11,80234,3,2,16,6,70189829,14898,67.122
1,8,1048166791,8,4,6,8202,12,18,25,6,131718270,14821,67.47
2,1,525593050,3,3,7,38993,15,32,27,2,116579500,16419,60.9
5,5,299612220,7,1,15,18367,5,32,31,2,126142500,14860,67.289
8,3,1064850161,6,4,2,118471,6,28,10,5,132737676,14885,67.177
4,3,198333148,4,4,7,57174,5,7,14,6,46191638,19522,51.221
4,4,765939626,7,4,2,26138,13,3,11,2,134154235,21028,47.553
5,1,98241486,2,1,6,76019,6,11,30,1,121554055,15869,63.011
8,3,1042585721,3,5,12,77263,4,17,29,1,122611249,16490,60.642
7,5,265564165,8,5,9,53095,7,14,15,3,99701315,14830,67.428
1,5,148906110,2,5,8,42867,3,18,11,8,111428511,19459,51.388
4,3,170632050,5,1,11,32230,4,31,20,5,35466096,21737,46.002
8,2,604782875,7,1,16,104791,12,17,27,2,96403704,23856,41.916
6,7,607874844,7,1,5,55043,4,3,2,5,120938470,29449,33.955
6,1,70643421,4,3,6,66839,4,18,17,7,119564833,25920,38.578
1,4,526111002,4,1,15,93981,12,12,21,6,56480041,30145,33.171
4,5,699492600,5,2,11,51303,10,22,17,3,131698166,24768,40.373
5,2,429823333,3,2,9,48952,7,10,4,6,103016460,28378,35.237
1,6,283621244,7,3,6,19945,8,10,29,1,38874260,28315,35.315
1,4,850946214,7,2,2,78967,2,2,18,5,93034311,32105,31.146
7,1,467769333,6,3,8,112314,15,2,10,2,113581178,30302,33.0
8,3,83870436,2,4,11,7403,2,16,4,8,66664925,33234,30.088
4,7,326993464,8,3,2,16949,3,5,3,2,109577788,18572,53.843
3,7,606684158,3,1,14,100831,9,18,12,1,94129662,21749,45.978
3,7,894496882,3,4,4,106110,11,22,19,1,87283980,20502,48.775
8,3,619409415,2,2,13,27277,3,18,2,2,79180034,32841,30.449
2,8,707697204,2,4,15,7494,9,20,20,2,51886498,24950,40.078
7,7,537904930,3,2,10,59808,9,7,21,3,102780100,31148,32.104
2,8,1002549869,2,4,2,61894,2,10,14,4,41536025,21390,46.748
8,6,168776732,3,4,3,129635,2,28,32,1,115999496,24123,41.452
2,6,667608216,8,4,4,115760,13,28,32,2,49917077,33488,29.86
3,5,248730666,7,4,5,99404,9,16,28,8,58668812,35955,27.811
2,1,555515626,4,4,13,61816,2,32,15,7,99391431,23268,42.975
8,8,431307270,6,1,11,30230,14,28,31,6,106513449,34092,29.331
7,1,664351328,7,4,3,31757,6,27,6,2,85281745,37506,26.661
7,3,716609626,4,5,6,74963,5,7,6,3,37473797,27265,36.675
2,5,344691188,7,5,4,28065,15,17,18,1,48379074,28672,34.876
6,5,660682061,4,2,11,120360,9,19,19,2,34552021,29379,34.036
7,5,1041201683,6,2,14,21606,9,3,13,2,49047278,28237,35.413
7,4,22228490,8,4,10,70117,15,19,3,8,49499674,25825,38.72
3,2,975232641,8,2,7,99333,8,14,30,6,120096984,36710,27.239
7,2,397847629,5,2,3,15367,16,4,29,5,108981807,31396,31.85
5,6,97474856,3,2,5,34082,6,9,21,6,133320547,35732,27.985
2,6,706963856,5,5,4,81158,8,4,2,2,63412865,24743,40.413
7,2,269400091,4,1,3,48847,8,24,8,3,123092542,26440,37.82
1,4,11166071,3,4,10,78589,6,10,11,4,124651570,28601,34.963
5,8,1003274831,2,2,15,97645,14,13,12,8,102920244,39275,25.46
4,2,886388321,7,1,16,109038,11,7,24,4,104264821,25502,39.21
8,4,36618693,2,5,15,44780,5,25,28,5,90559485,31857,31.389
7,1,349682372,2,3,11,39671,12,4,13,1,41520912,33624,29.739
6,4,779827851,6,3,10,33543,15,29,30,4,130120910,21266,47.022
5,6,1063032822,5,2,13,124749,8,28,23,6,116633358,27130,36.857
6,2,953627416,4,1,13,27449,16,26,15,6,68885158,32839,30.45
1,4,736216998,8,2,16,34355,10,22,12,8,49152831,40028,24.982
1,3,150609470,6,5,2,102320,10,6,27,4,84045439,28408,35.199
7,5,82430805,2,4,5,16490,6,3,27,2,125171195,35074,28.51
7,5,550543743,8,5,14,75552,11,6,15,6,42975453,38452,26.005
6,1,183638795,2,5,9,80601,16,15,3,3,101419379,25617,39.035
5,2,567633173,8,5,4,17228,4,26,29,4,67093293,33020,30.284
1,3,631427544,3,2,14,55758,6,24,32,2,41434439,32074,31.177
7,7,384882241,2,4,13,17854,15,21,9,4,38702996,28705,34.835
1,1,219963130,6,5,14,52231,8,16,4,1,91003002,27353,36.558
4,3,966804465,4,5,2,83263,10,29,12,5,115699397,30787,32.48
5,3,696704231,4,3,5,58968,4,21,21,7,111012229,29811,33.543
8,3,884199865,4,3,14,93911,4,29,20,8,55603533,27350,36.562
1,4,598383292,7,2,8,19654,6,24,16,1,132557912,23043,43.394
6,5,255997791,7,3,9,54422,14,17,2,8,120468020,19516,51.238
8,3,447701037,2,1,10,8904,9,13,18,8,51303544,26351,37.948
2,7,810300141,5,5,15,117668,8,9,12,5,44264953,33699,29.673
5,4,213394274,2,4,7,25696,5,22,17,3,116571465,25206,39.671
4,7,551557305,2,1,15,17180,10,28,11,2,81457914,37374,26.755
4,3,838051821,8,5,15,7158,4,25,18,1,70157702,37510,26.658
3,8,577089120,5,5,14,75574,11,27,20,2,133274156,29293,34.136
2,5,336803424,2,1,13,59417,6,10,22,2,51634116,37316,26.796
6,6,77111954,3,1,5,75546,6,24,7,6,90343920,30918,32.342
2,5,817869578,6,1,4,63241,15,21,29,6,61266333,28089,35.599
2,5,592717631,6,2,6,124112,3,15,26,1,93897949,33588,29.771
4,1,358184261,3,2,11,59366,10,20,23,3,62826681,28850,34.661
4,2,509796912,4,2,8,27302,10,9,31,6,55916680,29644,33.732
7,2,838026583,2,2,6,17724,14,9,20,3,54162639,26740,37.396
8,8,117647411,7,2,4,113428,16,32,31,2,50912948,33004,30.298
6,1,386916252,2,1,8,27352,6,31,29,1,59217324,32191,31.063
2,3,293006217,5,4,3,49734,16,15,29,3,94180937,31705,31.539
5,1,443376021,5,1,6,105006,14,24,22,5,50085119,24082,41.522
8,3,359776716,2,3,9,69016,4,30,9,1,134210491,36229,27.601
3,3,46666769,8,1,5,105814,2,6,13,1,106961896,24619,40.617
4,1,957958858,4,1,16,109915,10,2,3,6,58900522,28639,34.916
2,1,778283870,7,1,9,4937,5,20,19,8,38487485,31544,31.701
6,7,139144114,7,1,6,75759,15,17,2,3,63894082,30848,32.415
5,1,526378137,7,5,13,112974,3,17,30,3,98755750,33643,29.723
2,4,720916979,4,1,14,31226,8,11,4,1,132515504,27264,36.677
4,1,735300299,7,4,14,49577,10,13,32,5,117656956,27662,36.149
1,3,234906901,5,3,2,92817,8,7,22,4,121250346,34737,28.787
2,2,756879468,3,3,10,12674,16,25,17,7,92602806,33849,29.542
5,5,210910039,2,2,14,80133,11,5,8,3,109033617,25177,39.717
6,3,187664821,7,5,16,17719,4,3,26,6,119981072,29056,34.415
1,5,435434501,7,4,5,125544,11,29,6,8,119851579,20609,48.521
8,2,473478147,3,1,9,75305,2,24,3,5,50185983,24980,40.031
3,2,932792308,7,4,10,15678,12,20,2,3,68785581,31700,31.544
1,7,391941011,7,2,10,77437,12,14,7,2,48256890,29441,33.964
1,7,291324880,6,4,11,64375,9,17,18,8,124881850,29612,33.768
6,8,445997092,5,5,15,66959,2,6,22,2,47443222,27422,36.465
1,5,1068165345,3,4,7,90429,6,27,4,1,58749716,29283,34.148
5,3,715149763,8,4,11,103618,5,19,20,4,72938633,33349,29.985
1,6,800542255,2,4,16,118903,3,5,30,1,76745106,29848,33.502
8,3,413392105,7,4,14,72136,6,7,25,6,84972992,25377,39.403
4,2,311169996,8,4,13,56233,5,22,20,2,42951890,30361,32.935
8,2,421033457,5,5,12,100344,5,12,32,5,112778944,29886,33.459
6,3,377061903,2,5,3,77250,12,7,21,4,77087364,29588,33.795
6,1,18522409,4,5,5,26402,7,4,11,1,108015879,31094,32.159
6,3,524187094,3,4,12,7055,10,15,16,1,114109752,34193,29.244
5,2,878331656,5,4,15,100432,15,4,26,4,96071733,28975,34.511
7,8,211466425,4,4,6,7580,8,26,32,6,128634820,27899,35.842
1,4,496854574,7,2,12,24384,7,30,22,6,66561303,33566,29.791
2,2,1051427347,6,1,7,66284,8,23,18,7,46188214,33618,29.745
7,3,241700394,8,1,15,49720,9,15,9,7,118635757,25671,38.953
2,2,1025889255,7,1,10,77771,8,31,31,6,105260810,30426,32.865
3,7,364855233,4,1,8,115155,9,21,7,4,133337792,32189,31.065
3,7,104048773,2,3,7,35441,15,4,5,5,102812466,32787,30.498
8,2,974211879,8,1,10,113218,13,17,16,2,48617866,36147,27.663
2,6,670050978,7,5,6,4543,4,9,21,5,103780925,35091,28.496
7,1,377362831,6,4,15,61145,5,15,30,1,126290380,25133,39.786
3,5,894536443,6,1,16,8361,3,10,7,2,53529921,30079,33.244
2,1,56187995,5,2,8,39900,15,6,13,5,77792960,25571,39.105
3,5,991361535,3,2,6,106446,5,13,24,8,113295749,28302,35.332
2,1,864773543,2,4,2,64270,12,11,3,2,99288480,35765,27.959
7,8,1024875562,5,2,11,46142,8,13,15,8,65229263,34049,29.368
1,2,168012068,2,4,12,17676,2,16,11,1,128045788,25853,38.679
7,2,110421083,8,3,4,120570,15,24,16,2,62340540,37380,26.751
5,3,670504070,4,3,10,106833,4,13,13,4,110271018,24962,40.058
2,3,621735182,3,1,15,125406,11,17,22,7,80604821,30749,32.52
5,3,698188121,2,1,2,107790,13,11,19,7,38673781,30352,32.946
2,2,583786262,7,4,16,83433,8,19,27,3,76624634,24609,40.634
6,4,821063070,2,4,8,113520,2,3,2,6,45965011,24830,40.273
1,3,1051095470,6,5,7,79129,4,32,2,6,128199710,33912,29.486
2,7,786089082,5,1,9,21751,12,31,22,8,94898129,28445,35.154
4,1,144734288,3,3,4,25267,14,13,19,5,74483198,38288,26.116
3,7,1044421972,7,2,7,88381,10,3,15,7,94478070,26940,37.118
6,5,491046102,3,5,8,122520,4,26,3,4,70990668,30048,33.278
7,1,80587991,5,1,2,108056,11,32,24,2,130009026,35372,28.27
1,6,489948175,6,5,12,26602,8,15,10,4,94947108,31115,32.138
7,4,21812727,6,5,8,81442,16,23,24,6,43395190,35167,28.434
1,1,349939357,5,2,15,42037,8,3,23,3,118596380,23140,43.213
5,2,362914015,3,2,10,77774,8,3,30,5,132917131,36235,27.596
5,1,452911882,6,4,3,100259,15,23,20,6,41460610,23826,41.969
2,1,912253515,8,3,7,25380,11,8,3,4,85939873,30268,33.037
8,5,903382610,4,1,4,118004,16,31,8,2,45877070,31871,31.375
2,5,435195525,4,5,15,49784,6,18,29,5,91359953,31077,32.176
3,8,115753483,4,1,5,17819,2,2,17,8,76532949,24728,40.439
4,4,355938677,8,5,16,116056,16,2,11,4,37813281,26346,37.955
7,8,49695459,2,5,2,13951,5,20,29,4,54822746,34478,29.003
1,1,129720375,4,3,8,53296,12,5,26,8,59863404,33503,29.847
4,3,792698871,6,1,6,125717,8,8,10,7,71931318,24208,41.308
3,7,946358546,4,1,6,104529,7,29,25,8,53778089,27426,36.46
8,5,402410318,6,1,3,84751,11,25,22,7,104306015,32884,30.409
3,7,19463467,5,4,13,107915,16,10,5,6,62855243,36622,27.305
2,1,433164289,5,2,7,128879,6,12,16,7,115685763,26077,38.346
2,8,609076917,5,2,9,126691,4,16,26,2,40063476,35022,28.552
8,7,156238693,7,3,8,61822,16,10,15,5,55957395,24918,40.13
2,2,519508077,4,1,16,95966,12,15,11,1,93600207,27511,36.348
8,4,835457552,3,5,8,56276,2,32,7,4,87218750,34495,28.989
6,3,501572950,2,5,6,97292,7,16,9,2,41063349,24464,40.874
2,7,695274768,8,2,9,52977,4,12,13,4,81346650,34899,28.651
6,5,820089167,3,4,3,56239,15,32,21,2,101428355,27287,36.646
4,4,515265921,7,5,9,103156,10,25,31,4,62895555,35548,28.13
2,2,388539531,5,1,4,99507,9,30,18,5,118654805,24274,41.194
7,4,463948081,4,2,7,46899,4,17,3,4,128614474,27612,36.215
6,7,210508730,3,4,7,31388,13,32,25,7,111490017,32805,30.481
8,3,713391715,3,3,2,51614,13,24,31,8,100461928,33489,29.86
1,1,670617039,4,4,3,70147,11,10,22,1,54524127,26765,37.36
4,5,699131706,5,1,2,56747,6,27,30,8,66978853,33199,30.12
8,2,495191058,2,3,3,72825,12,20,2,2,116318778,38186,26.186
7,5,151758892,2,1,3,123981,10,15,23,4,67671342,28779,34.746
6,5,850358115,2,3,9,64024,3,20,15,2,101589662,35071,28.512
7,7,42666717,3,2,15,33966,8,2,13,7,98191392,29370,34.047
5,5,131014708,6,2,9,105197,10,20,22,2,89551038,25613,39.04
6,7,829504077,3,5,2,72273,13,19,4,4,76019388,23015,43.448
3,7,687046123,8,2,15,31107,15,21,14,6,103753578,28030,35.674
2,2,480299296,4,3,13,71670,13,10,32,7,86369011,23917,41.809
1,4,372354713,2,2,14,79321,4,29,3,7,90592914,13513,74.0
4,3,105837667,4,5,5,63598,16,19,9,6,91372132,9578,104.397
8,4,459266505,7,2,16,91755,12,7,25,8,106999656,20856,47.946
1,4,825253727,2,3,6,5272,14,13,24,3,85764611,19882,50.295
5,5,616336233,8,5,10,114882,13,20,9,3,62385523,22930,43.609
3,6,777332233,8,1,4,113160,9,18,9,7,64958303,25838,38.701
4,2,601051449,2,2,13,89694,16,29,24,7,46157621,27497,36.366
5,2,580597965,2,4,12,25779,13,27,18,5,88466117,33464,29.882
2,5,181226082,4,5,11,47308,13,13,3,4,61946283,27687,36.116
7,8,495945215,5,1,10,100608,16,5,17,8,129445259,30905,32.355
7,3,5899858,6,2,12,88533,2,5,20,4,104141574,34764,28.764
8,3,859928129,7,5,7,19866,6,26,6,5,130445142,28277,35.362
7,3,1031519795,7,5,16,5278,6,28,12,2,87636253,34139,29.291
8,5,870506868,3,1,7,102030,8,30,6,4,94415039,32409,30.854
4,1,233999870,5,2,14,127041,3,20,23,1,75289104,27678,36.128
7,3,281409788,4,3,14,28366,5,3,8,4,60011793,35219,28.392
6,7,840085877,2,3,3,40650,16,26,3,5,95202120,27036,36.986
1,4,212464184,4,5,11,27243,15,23,32,2,69416972,24911,40.142
3,7,811949222,4,2,15,119317,14,18,2,7,61977101,36166,27.649
1,6,678120101,2,1,6,41519,6,9,12,1,55976255,27741,36.046
2,1,62661326,8,1,8,66917,16,13,17,1,38394825,35360,28.279
8,5,721695555,4,4,4,13441,16,15,28,1,63170910,23714,42.167
6,4,424129219,3,2,14,17357,7,20,6,6,125793094,27994,35.721
7,8,334296686,3,1,8,98878,4,22,8,7,80869605,30592,32.687
6,2,599356997,6,4,12,106022,12,31,9,4,106893337,34568,28.927
1,7,70501063,8,3,9,106744,8,30,4,8,35207369,24644,40.577
4,8,840102301,8,5,16,51782,8,24,19,2,90607065,37141,26.923
6,4,284728681,2,5,4,10612,14,7,5,7,85054899,24472,40.861
7,8,76812005,3,5,7,125447,8,31,8,1,128372102,29597,33.786
1,5,570277575,2,4,13,23462,3,2,15,8,39734913,28118,35.563
2,7,1054517698,4,5,13,18926,3,15,27,3,68702128,30869,32.393
4,8,470549578,2,1,10,79919,14,3,32,7,67848883,32669,30.609
8,3,1045855908,3,3,4,94745,15,24,29,5,123517675,17818,56.12
5,7,499314371,7,2,4,97724,8,19,11,5,90564591,33162,30.154
4,6,217994412,8,5,5,74734,7,22,18,6,60168325,34567,28.928
3,5,787576760,4,3,6,128893,10,20,29,3,84452148,25642,38.997
4,7,406029813,8,3,2,26195,13,28,29,3,56193419,31033,32.222
5,8,886200679,2,4,4,21586,2,19,3,2,82616422,39103,25.572
7,2,763727500,8,2,4,100944,4,10,26,4,74957501,21628,46.234
3,5,769235624,6,1,4,52496,4,31,7,1,40473071,35063,28.518
1,1,731743259,4,4,15,99696,11,6,24,5,78024325,30258,33.048
8,8,912390202,3,1,14,53146,10,3,3,2,80985369,32266,30.991
8,4,713173087,8,5,5,110999,8,20,10,1,131784894,33758,29.621
5,4,181812498,4,2,16,109779,15,3,22,5,44848208,23895,41.848
4,7,328118963,2,3,4,12795,9,19,29,7,105935393,32603,30.671
7,2,268478707,8,4,11,82022,12,10,11,4,71841760,25307,39.513
5,1,9312777,6,3,10,85746,8,16,3,6,120616211,30221,33.088
1,5,214938811,5,5,14,70234,9,16,13,3,107281887,28118,35.563
8,1,581095212,7,1,11,47791,3,30,11,6,86581760,34124,29.303
1,2,389755593,5,3,11,129655,2,21,32,4,64443507,32195,31.059
3,1,856646729,8,1,9,33543,8,30,16,4,39481816,32750,30.533
2,1,1047611893,4,3,12,109655,12,6,9,6,33714086,25530,39.168
4,8,237483101,8,1,9,36587,3,29,12,5,56741860,26532,37.689
8,2,30534583,6,4,5,118658,6,2,17,3,119579354,25003,39.993
4,5,40195821,4,3,11,124751,9,30,23,6,92614211,38776,25.788
7,4,786305270,8,2,8,30964,12,16,16,7,34702095,32087,31.163
7,3,1009763472,3,1,4,81524,16,6,25,7,103716903,24415,40.956
7,5,1055200928,7,2,2,15398,11,30,26,8,33554763,29174,34.275
5,5,602855896,8,3,9,40348,8,28,14,4,126561545,30518,32.766
6,8,835745721,5,4,10,26326,14,21,13,6,105088186,33790,29.593
3,4,353077496,6,2,7,37003,16,18,28,6,83608268,24396,40.989
7,6,584119955,2,4,12,56644,8,24,7,1,100936639,34272,29.177
1,1,846777703,7,1,4,30815,2,5,19,7,58095948,36041,27.745
4,4,879406981,3,3,7,27672,2,8,31,4,80802199,27189,36.778
3,6,813152176,2,2,8,80148,14,18,4,5,74337215,25003,39.993
6,2,730483850,3,3,4,31194,8,24,14,6,128540484,28636,34.919
7,6,318698441,3,2,15,92070,12,4,4,4,95080018,29458,33.945
8,3,640894283,2,3,8,90552,8,3,11,7,81813327,25046,39.925
3,6,995529110,7,3,6,114879,9,20,7,4,97363568,37026,27.007
4,7,423770530,5,1,12,93812,16,31,4,4,88715161,37481,26.679
4,6,132560471,4,1,8,48775,10,2,26,5,111234340,19213,52.047
5,5,422736598,3,5,15,104062,10,2,5,6,118202860,22893,43.679
2,7,692676383,5,1,6,125834,16,32,16,6,46889258,33975,29.432
2,6,750600997,6,4,16,75768,9,3,12,5,56714845,28126,35.552
6,3,445890957,7,3,14,48226,15,26,19,8,58401374,22893,43.68
7,2,641619540,7,1,3,78475,9,12,6,4,75998218,37225,26.862
5,8,352911116,3,1,15,25952,11,29,13,8,83393636,26419,37.849
7,8,629881170,6,1,15,95525,15,24,20,8,100043563,25202,39.678
5,4,778170328,3,1,16,15538,2,9,18,5,57531131,30313,32.988
1,4,247924886,2,3,9,37811,16,13,3,1,41591680,31056,32.198
3,1,780185024,3,5,11,20665,7,4,23,8,126191216,27125,36.865
3,2,313622034,4,2,12,101219,7,16,18,5,44741804,23624,42.328
5,1,275190348,2,2,5,91320,12,14,22,4,75223162,25480,39.245
5,1,752411829,2,1,11,98872,9,31,21,5,94287848,26496,37.74
5,2,1049582968,4,2,10,109875,5,5,32,3,80989527,29738,33.625
1,4,204399251,3,2,14,60347,13,17,32,2,81261975,28221,35.434
5,8,154174413,5,2,8,107970,4,23,28,7,60271294,28728,34.807
6,4,499960296,6,3,16,31709,4,17,29,7,100967718,25604,39.055
3,1,229282850,8,4,3,81449,12,17,17,3,38521864,26039,38.403
5,7,729639949,6,3,2,9502,8,15,32,3,118185753,32748,30.535
8,8,456969248,3,4,8,117588,8,12,30,2,50038089,34369,29.095
3,5,594393438,5,3,12,62451,15,17,32,8,67181585,24274,41.195
3,6,437237146,3,5,2,113114,12,27,32,7,126533521,27492,36.373
1,1,309630917,7,3,8,10353,12,14,3,6,112293199,28717,34.821
2,6,442936214,6,3,8,4818,16,15,18,5,44030257,31034,32.221
3,6,598183379,6,3,14,20213,10,6,5,8,68988980,24921,40.125
6,1,805315186,7,2,2,15719,5,9,20,3,111082320,32104,31.147
3,7,225500959,7,5,3,38096,10,9,8,3,86616472,31647,31.597
3,8,392160808,6,3,11,65243,5,27,14,4,63122479,25393,39.38
8,5,875911042,8,3,6,99058,10,27,2,6,85585625,27842,35.915
1,7,495200203,2,3,3,48101,12,29,16,5,90449034,27856,35.898
4,2,749094098,3,5,5,110560,12,19,19,2,43499840,32529,30.74
5,2,929813573,7,3,2,125721,7,21,12,3,96724428,23696,42.199
2,1,687882211,4,4,15,41387,5,14,11,5,75007815,29411,33.999
7,4,315383577,6,1,8,48704,9,31,12,5,124817913,30168,33.147
2,3,560413491,2,2,4,19920,8,19,11,2,127873462,29009,34.47
1,4,110179716,4,3,6,15870,12,17,16,3,125318386,27357,36.553
3,6,742216347,3,5,2,18752,3,7,7,8,36344098,25597,39.065
4,7,446029374,2,4,8,101871,5,2,23,8,95363745,31367,31.879
6,1,363168098,7,5,8,107247,7,24,24,1,108006696,24506,40.804
5,8,853359809,4,3,2,22902,2,28,20,7,49757638,29543,33.847
1,1,37817461,2,1,9,34658,12,9,16,1,46313846,30860,32.403
3,7,859666793,3,1,6,79746,11,20,22,8,66239157,26551,37.662
8,6,66200135,3,3,11,109498,13,19,18,5,105027606,28003,35.709
4,8,1048087191,4,4,6,11483,12,21,14,8,92202212,29101,34.361
4,4,274470555,5,4,6,90479,5,4,22,3,90135894,22409,44.622
2,4,733188309,2,5,10,34946,7,4,14,7,116237651,24009,41.65
8,7,256349149,7,4,16,118510,13,11,30,2,115257528,30838,32.426
4,1,525274234,8,4,8,125853,11,22,7,7,103516982,27533,36.318
7,4,638928473,2,5,15,23019,12,23,28,1,133537419,28239,35.411
6,8,919893283,5,3,7,23979,2,30,6,1,91122884,29790,33.567
7,5,112176237,5,1,16,100303,4,11,22,8,83808109,29646,33.73
5,2,477339229,6,2,12,46361,4,17,22,1,93275531,25817,38.732
4,1,272726161,5,3,10,49267,3,25,24,4,109332287,30331,32.968
1,3,556507372,6,2,13,103279,13,24,15,3,70709198,28021,35.686
3,6,521793618,3,2,5,34556,3,17,11,8,126051017,28595,34.97
2,4,842564817,8,5,16,71455,8,5,4,6,63861708,29768,33.592
5,5,425978650,4,1,9,72361,11,29,27,5,117226310,29818,33.536
1,8,1040646854,4,3,11,94649,2,26,16,8,122468308,30857,32.406
6,4,317665117,4,2,11,51889,7,6,10,2,79081188,22947,43.577
3,6,32745063,6,5,3,121591,12,11,24,8,88392666,28064,35.631
7,6,452139964,8,2,4,60103,12,16,3,7,66437507,26858,37.232
3,2,758144759,3,3,8,27268,8,19,30,3,107239102,29628,33.75
6,2,890474913,6,3,14,13072,4,18,3,2,130116957,22963,43.546
4,1,140520724,6,1,12,107032,4,2,10,6,49806554,30548,32.734
2,4,32182219,2,1,3,87362,4,6,2,4,85835437,31547,31.698
5,5,1065267156,5,2,3,60460,14,22,9,5,63330005,21252,47.052
8,5,487173693,6,4,11,36461,16,32,23,5,88408362,28488,35.101
4,2,522044795,5,1,10,31619,3,6,7,5,117707256,29519,33.875
6,1,69536443,6,2,13,119456,8,2,7,6,92059208,26633,37.546
4,3,820970287,8,4,11,33892,11,32,15,5,83168703,27834,35.925
4,8,980093718,5,3,2,101238,8,20,27,1,89980131,27975,35.745
7,4,488481056,5,3,12,124791,8,32,18,8,76437573,30854,32.409
1,8,664551295,7,5,7,100745,9,27,8,4,87573587,28909,34.589
1,6,501312889,4,2,6,122039,3,28,22,2,99208959,30570,32.711
5,1,206192876,3,3,12,85603,16,15,29,7,52676564,24680,40.518
7,1,461523282,5,4,8,60796,4,3,25,2,71417801,26200,38.166
7,2,946191538,5,5,5,85950,3,4,2,4,98428487,27940,35.789
1,5,588623938,4,4,6,106759,16,19,21,3,117165496,22820,43.819
4,7,711262460,2,1,5,66475,10,32,30,7,103482020,26891,37.185
2,1,605914651,4,5,7,123622,15,20,30,2,38181008,31144,32.108
1,7,537744952,4,5,8,104972,16,30,6,2,66449251,33035,30.27
1,3,847729170,7,4,6,68155,10,20,22,7,124357819,21411,46.703
7,5,517957266,2,3,16,46519,2,5,27,4,42352789,26123,38.278
3,7,5638749,5,5,5,15469,16,21,4,4,70534551,29968,33.367
7,7,1057393558,7,5,12,72167,12,25,15,3,79222032,22694,44.063
6,4,744072944,2,4,16,10528,3,15,28,8,38740624,28017,35.691
8,8,355313906,6,4,12,54928,3,23,3,7,40588924,29552,33.838
6,7,543911921,2,1,12,17051,6,10,29,4,80618577,30191,33.121
4,3,528581681,6,2,12,8287,9,15,11,7,44241124,29927,33.413
3,3,131958165,2,2,5,119970,11,25,6,2,93776852,28233,35.419
3,1,751978097,6,1,8,99130,5,17,30,8,54650805,28804,34.716
3,7,889043412,7,3,2,44327,2,11,15,5,74661663,36550,27.358
8,8,97319893,6,1,12,4107,2,23,18,1,39002846,26569,37.636
1,1,866346803,2,2,12,67122,14,20,13,1,40689214,37529,26.645
7,4,534987413,3,4,5,37410,7,6,31,2,84457779,33633,29.732
4,3,183381967,8,3,13,93239,9,3,28,1,81730213,26299,38.023
1,3,632776777,4,2,4,32249,8,27,23,6,112947045,27007,37.027
6,7,890941590,3,2,12,87646,13,25,5,2,115210875,31226,32.024
5,2,959988731,2,3,4,112850,3,2,19,3,75017944,32768,30.516
7,6,888528880,6,3,16,9763,15,16,13,5,118716821,22817,43.825
5,6,326208081,6,4,14,61443,14,31,18,1,127182957,37456,26.696
5,8,348197981,3,4,16,23041,8,9,32,7,69667185,30746,32.523
3,1,45881662,8,1,8,93444,3,19,17,3,71897133,25702,38.906
5,4,718266298,2,4,8,125475,14,30,13,5,57073856,19230,51.999
3,1,584985227,4,2,12,19502,5,9,6,2,61176253,23851,41.926
6,7,841649763,7,1,13,45138,9,23,3,2,95921876,33615,29.747
1,5,83509580,5,4,4,116131,15,2,23,1,128020023,23200,43.102
6,1,348369575,6,3,10,126062,15,30,15,8,113550405,28622,34.937
7,2,973582086,5,1,2,64725,2,32,28,6,101616258,33014,30.288
3,2,656800277,8,3,13,119490,10,4,26,4,93936230,32178,31.076
6,1,541423011,8,1,7,43642,7,11,7,5,89575428,17653,56.645
7,2,679837959,8,4,10,61614,5,13,16,3,40791317,27893,35.849
6,4,930602245,2,2,11,28408,14,9,13,4,115812629,33295,30.033
1,8,527300627,6,4,6,39847,6,23,3,1,97450686,23249,43.011
6,4,684957268,6,5,13,102317,4,25,4,3,48455068,34438,29.036
7,6,630398021,8,5,14,43953,12,19,29,3,128044809,29432,33.975
3,2,220224835,5,4,4,9379,12,13,8,3,85585657,33631,29.733
6,3,644830681,7,2,7,85799,6,6,9,7,100831068,24452,40.895
8,6,980914728,8,3,14,127522,15,2,16,5,60736315,28649,34.905
3,8,291527604,4,2,16,119524,10,28,27,8,46695594,30859,32.405
8,3,937978231,7,4,3,107603,6,13,13,6,82978352,35043,28.535
8,8,669048095,8,1,4,110472,9,17,3,8,62033397,26641,37.534
5,3,435158312,5,1,5,129544,8,29,27,6,40880044,31150,32.101
2,3,502522016,5,2,2,19035,2,2,2,4,120699229,34707,28.812
2,8,155298613,2,1,13,46620,16,26,8,8,45920582,23402,42.729
3,5,707538890,4,4,9,47196,16,23,28,8,100032460,29545,33.846
4,6,39517321,3,1,9,71076,6,20,24,8,75791141,31294,31.954
7,7,30214991,5,3,15,76161,13,21,24,2,36622362,23899,41.841
4,6,142384840,4,1,13,87034,4,28,27,1,82064326,22188,45.068
4,2,229946422,4,1,2,115031,12,10,31,1,92025167,26584,37.615
5,4,1007582476,4,5,9,104363,13,13,10,3,72245747,27826,35.936
2,8,551665773,8,3,10,28914,13,24,29,1,81687019,24257,41.223
1,8,301246302,4,2,5,130935,3,18,2,6,106402905,33035,30.269
6,4,159048004,8,2,12,44700,3,19,15,4,129361016,30784,32.483
7,6,232231424,3,1,13,95284,6,20,9,4,69524372,18892,52.93
5,5,283132109,3,1,6,103109,10,24,12,3,60452969,17355,57.619
5,5,1008624178,2,2,4,108988,3,21,2,7,101239498,13584,73.615
7,5,520792969,2,4,8,129898,12,18,16,8,49930409,22958,43.556
2,2,832267104,4,2,10,17018,15,14,7,8,97861571,18176,55.015
6,5,1061827876,3,1,15,124392,15,23,32,1,111391509,24642,40.579
4,5,356588254,6,1,7,67272,16,30,6,5,94051897,22391,44.66
1,2,171092312,6,2,11,45134,13,32,14,3,53195274,29052,34.42
7,5,675590829,5,1,15,60659,2,4,25,6,41836000,26851,37.24
4,2,158977252,4,1,4,113210,12,14,29,7,116651417,27714,36.082
5,7,7184837,8,5,12,115407,16,23,27,7,126785661,24006,41.654
8,1,292675830,2,3,8,102165,9,12,8,4,38525230,29297,34.131
3,8,13976851,4,2,3,28997,7,27,30,1,81170263,33690,29.681
3,1,988485480,5,2,13,114760,13,11,19,1,45614474,31871,31.375
3,2,1037028295,3,3,11,66010,14,11,8,5,66672642,23459,42.626
7,5,457106064,8,3,11,83631,4,12,30,2,92661394,27804,35.964
3,7,621738569,5,1,7,52204,14,15,4,4,106542013,35345,28.291
6,8,701686056,7,2,13,21436,4,3,9,3,112137870,24753,40.397
6,4,929526571,4,5,10,58570,16,29,12,8,128215470,29583,33.801
5,1,197881177,5,5,3,34669,12,29,12,7,97211968,33714,29.66
4,6,592120212,4,4,7,110400,9,29,23,6,93860647,14291,69.968
6,8,481409058,2,4,11,90599,8,2,5,6,92177317,17906,55.846
8,2,400496349,6,5,14,76200,15,2,31,7,46945536,17226,58.048
6,8,339161693,5,1,10,51533,8,12,23,2,117098848,26337,37.967
4,4,299047444,3,1,2,127549,4,27,19,6,50289934,27000,37.035
6,7,1018859809,8,5,10,23300,10,31,6,3,116726704,31294,31.954
8,1,698115071,8,3,8,123745,13,3,24,5,132437525,31007,32.25
7,8,106544797,8,3,12,21933,13,26,29,3,53322645,31371,31.875
8,8,619603202,8,3,4,18754,11,26,13,3,52540184,25560,39.121
1,7,340759053,4,2,2,104987,15,7,29,1,106408716,20302,49.253
8,7,336375946,5,4,14,126722,8,22,29,5,45898257,30993,32.264
1,7,270642814,4,5,5,113579,11,32,7,6,88487801,25274,39.564
5,2,972072110,2,4,8,104822,4,26,5,6,125079029,28287,35.35
5,3,496849153,6,1,9,105150,9,12,13,2,59955825,29811,33.543
7,1,24582690,8,5,6,73637,9,2,2,4,80651601,22636,44.175
2,3,1043693778,8,1,15,114510,10,20,21,4,98637205,23466,42.613
7,1,526442428,8,4,4,116316,11,24,22,3,97993072,21393,46.742
5,4,712202767,2,1,11,80811,5,23,26,7,125321260,33888,29.508
1,4,335919970,7,2,16,53362,13,11,13,1,46269519,21002,47.611
4,6,810144777,6,5,15,37966,9,28,26,2,52563644,23051,43.381
6,2,223018195,5,5,16,26348,4,9,28,2,77758079,26044,38.395
1,7,775753144,7,3,15,27976,6,21,6,8,128043336,26173,38.206
2,5,718987909,8,1,9,26343,9,2,20,6,91425006,20220,49.453
3,6,382763816,4,3,6,71986,12,32,2,2,116220817,26742,37.392
4,5,126128936,6,4,15,45328,5,23,32,2,85701393,28135,35.542
1,4,455440699,5,2,5,44798,12,14,20,3,90283516,24895,40.168
7,4,790049644,7,4,9,13204,11,24,14,7,89551724,25634,39.009
1,6,170529182,6,1,8,83259,7,8,25,7,61085210,25954,38.528
5,6,213630670,8,2,11,18171,13,11,14,7,105352027,21736,46.005
3,6,286614541,6,4,14,124450,5,20,13,7,85511230,34673,28.839
5,1,905353320,6,2,5,94871,4,5,21,8,39598469,31151,32.1
1,4,543423727,7,1,13,4521,4,6,21,8,124075945,27175,36.797
6,6,924096727,3,5,14,104018,6,27,14,7,71847158,31845,31.401
8,2,141282639,4,1,10,83224,12,7,13,8,62403575,29665,33.709
2,8,842626750,7,5,14,118743,16,5,12,2,131453599,30011,33.319
2,3,750278817,6,1,6,39856,11,13,18,8,54802461,22125,45.195
6,3,949947287,3,5,2,93532,16,4,13,3,117603849,31973,31.275
7,5,1056603327,5,3,7,49332,5,24,7,1,96574516,37583,26.606
5,6,196677404,3,1,13,49969,11,21,4,8,33763501,20872,47.91
5,2,481548013,7,3,3,97247,11,14,18,4,96354475,25265,39.579
8,7,113749913,4,2,12,42141,5,19,7,1,63600454,30523,32.761
6,1,595880247,3,3,6,112635,7,8,24,8,115129004,23282,42.95
5,8,842535831,8,2,9,61816,2,16,8,6,68048610,27828,35.934
7,1,574163307,7,2,12,60538,14,6,25,6,94934483,35120,28.472
6,7,405899206,8,1,4,17899,13,28,2,2,44569459,26519,37.708
1,6,508278001,7,4,9,89958,14,14,20,6,108456213,25469,39.263
7,1,526842294,6,4,16,75561,13,23,29,6,96462575,16609,60.206
7,6,136083127,2,1,12,104069,10,23,15,6,106024042,38047,26.282
8,6,643269557,6,3,13,36027,7,26,18,7,118097798,31356,31.891
7,8,522554555,8,1,11,32136,15,31,10,4,95874342,25753,38.829
2,1,430571779,7,5,7,22994,6,17,31,4,94556120,28566,35.005
5,5,448500828,8,4,11,96434,16,29,14,6,100966884,36015,27.765
7,3,603116242,4,3,9,31433,4,16,30,8,66023297,21789,45.893
8,7,735096107,7,5,10,92892,5,18,4,4,89558627,25064,39.896
3,6,906550574,2,2,8,82239,15,12,4,6,56362477,33370,29.965
6,8,957611267,8,1,10,117386,10,8,10,4,33958599,40503,24.688
4,3,287728314,4,5,11,117578,15,21,18,7,91414641,21337,46.864
3,8,368623518,3,4,9,24697,7,13,3,5,117621057,35054,28.526
4,8,898889611,6,3,3,72127,13,24,25,4,42081249,25140,39.776
5,7,876685043,7,1,5,79119,11,4,21,8,105700737,25036,39.94
6,6,593019329,4,4,6,92488,9,14,20,3,107982987,26648,37.524
6,7,23091010,5,3,14,101533,7,31,25,2,109849689,18847,53.057
3,3,801714793,8,4,13,41787,15,6,22,2,129743623,22665,44.118
1,1,346747561,8,2,6,121350,12,27,27,7,75295824,17585,56.866
4,4,397079534,4,5,3,93123,14,19,28,1,131200282,21961,45.534
5,4,115176488,2,5,15,78104,13,23,28,3,84430130,26917,37.15
4,7,65744246,4,4,4,122591,14,2,21,7,69362918,27623,36.2
5,6,610895329,4,2,7,129756,16,2,11,8,119915368,33471,29.875
2,6,845577858,2,3,9,7201,13,15,9,2,64860407,26931,37.131
8,7,1008969329,8,3,2,70847,16,18,22,2,53032989,34031,29.384
4,4,778818416,3,1,5,85211,11,15,22,2,116531300,25190,39.696
3,3,628670482,8,4,2,85640,9,24,8,5,96459806,30969,32.289
1,7,21259625,6,3,8,83900,14,12,28,1,102635402,29060,34.41
6,5,1019958507,8,3,11,77463,3,9,29,4,41664907,31229,32.02
7,2,76984603,2,4,10,128800,4,3,9,4,111815537,38786,25.782
5,1,914266671,7,5,10,121510,16,29,6,5,92740960,28561,35.011
5,3,556394483,8,5,5,41380,12,16,18,6,52894540,30647,32.628
7,7,652073461,3,2,5,28482,2,28,10,2,96344701,32421,30.842
3,7,11790923,7,3,3,10238,9,28,15,7,54497761,27693,36.109
7,1,273611852,4,1,6,110689,5,30,16,4,86115230,32106,31.146
6,8,565515499,7,1,13,42348,4,21,24,4,77191609,25095,39.846
3,4,1046754372,6,4,7,28000,10,9,17,5,60739639,32845,30.444
8,5,487549626,6,2,11,35702,4,16,8,5,81603205,41174,24.286
2,3,148982908,3,2,6,4736,5,16,2,6,56760189,22979,43.516
4,5,1030844618,6,4,10,67259,4,15,21,5,115096692,31199,32.051
2,8,12548412,6,5,13,106032,16,23,18,7,37637221,30984,32.274
2,8,842600226,3,4,9,124653,11,6,6,1,81445358,30372,32.924
7,4,607104074,8,5,8,102745,10,17,22,6,121212941,24586,40.672
1,5,470543017,7,2,6,43350,11,28,18,6,112686825,26762,37.365
7,2,395451384,8,2,8,71232,8,6,4,7,103151308,33439,29.904
6,1,145335085,5,5,5,127992,5,7,11,1,39639821,34831,28.708
1,7,414890018,5,4,12,36155,5,22,9,5,104443846,28232,35.419
5,5,556355933,6,3,16,114220,4,3,2,8,133661307,16091,62.142
8,1,1034323513,5,4,5,61174,9,13,30,6,56807809,18335,54.538
1,7,630522568,3,4,15,31749,15,32,32,1,109326306,17245,57.985
8,7,296005052,4,1,2,44111,10,26,31,8,66229017,27875,35.873
3,3,409933833,3,2,14,83153,15,6,23,7,67441157,31944,31.303
3,8,117596899,8,5,6,64798,12,12,17,3,133099699,34827,28.713
2,4,622766685,4,1,12,120106,5,17,24,6,71276003,22748,43.957
4,3,436587077,2,2,7,74820,14,23,17,6,63445078,26378,37.908
3,7,65445818,5,3,8,53506,12,3,26,2,74734579,29783,33.575
3,8,1039626470,2,1,6,108732,7,24,20,3,55123093,30583,32.696
4,4,776446122,3,1,15,31053,14,27,10,1,78545438,24035,41.605
2,7,927147624,6,1,5,130418,9,15,22,8,68479508,33964,29.441
8,1,334458184,6,1,4,67839,2,9,28,1,59832017,28580,34.988
4,1,173363044,7,3,7,27690,14,17,30,1,46106878,33191,30.127
7,6,632554764,5,5,16,96027,2,25,13,7,58068612,22931,43.607
4,6,261900701,7,2,5,112390,5,11,24,1,43655032,32515,30.754
8,1,665222566,7,4,14,125663,4,13,12,1,63933867,36238,27.594
8,2,66648073,6,2,7,111012,15,21,16,5,102881838,26330,37.977
3,3,1001935198,3,5,3,68873,7,23,27,4,83708981,34629,28.876
2,6,766700040,8,3,7,54205,2,5,3,7,99219754,23524,42.507
7,7,866806622,3,2,15,85526,2,12,32,8,73740801,27637,36.182
6,2,38162092,8,1,3,96719,3,18,11,8,61526273,30776,32.492
2,2,404955771,4,2,15,85137,11,28,14,1,74527828,30181,33.132
4,5,311295875,5,3,11,78914,8,27,6,4,69162904,34673,28.839
7,5,943339243,3,1,16,36983,15,6,5,5,38218340,35758,27.965
4,4,882056051,2,4,2,80057,10,8,13,5,84457631,22621,44.204
5,4,899602318,4,5,2,23858,4,2,8,2,111254611,32677,30.601
3,3,31754845,8,5,5,42717,10,30,7,3,46402354,25309,39.509
6,6,46406169,5,5,15,118508,14,17,20,5,44344795,28278,35.362
1,7,937310314,4,4,14,70229,14,11,5,6,50879523,30272,33.032
7,2,417695145,8,4,7,79335,3,9,6,6,108208843,36838,27.144
1,8,517686154,8,3,16,87398,11,3,20,5,66503897,27108,36.888
3,7,455114237,6,2,10,80382,2,26,30,8,81701807,33738,29.639
6,1,247133882,8,4,4,89713,6,21,13,7,101792352,25771,38.801
4,3,636547625,8,5,13,111333,14,24,4,3,43095734,30485,32.801
2,1,829702847,4,3,7,122493,10,8,26,7,45691448,27817,35.948
4,5,423832982,7,2,2,103301,5,17,31,8,99228397,32691,30.589
4,8,56885921,4,1,8,54766,8,21,23,7,67909089,37327,26.789
5,3,179101490,5,1,11,75060,15,4,23,3,97230666,26511,37.718
8,4,1070220785,6,1,9,108474,5,30,15,1,119972166,31383,31.863
7,2,655722748,7,3,8,32950,6,13,21,1,34955892,31569,31.675
4,6,362989691,8,5,3,109563,3,7,6,4,94841246,29729,33.636
3,7,17535679,8,4,15,7972,6,16,5,3,40793505,29389,34.025
4,7,854448290,7,1,13,61034,15,24,11,3,104341135,31685,31.559
3,2,739018275,4,5,3,91153,15,13,30,4,41334294,31410,31.836
8,3,118687372,2,1,13,20436,5,28,25,4,49890744,28452,35.144
7,5,909828825,6,4,9,80279,6,6,13,6,109685615,31753,31.492
3,7,374549637,2,5,13,17447,8,16,24,4,115992997,35609,28.081
7,1,178907523,5,1,12,15587,14,5,19,7,114728150,25368,39.418
3,2,1005095173,5,4,11,80182,10,13,11,4,37806760,27986,35.731
1,4,87991637,6,3,11,76765,6,26,31,8,98651019,31584,31.659
2,4,24564158,5,1,12,17572,12,17,5,5,42627798,30534,32.75
5,4,1042993145,8,2,10,16595,8,26,21,5,101025659,40245,24.846
6,8,742920495,6,2,4,96858,7,8,29,2,126070675,24905,40.151
8,1,939779012,3,5,6,69326,7,25,32,5,113812265,32342,30.918
2,7,264326279,3,2,11,85347,3,11,18,1,77897518,35736,27.982
1,1,75965031,8,5,12,47913,3,29,21,2,86576436,25336,39.468
4,2,538706368,8,2,11,119838,16,29,17,2,86832063,26130,38.269
5,5,816573941,7,2,13,120994,13,11,18,7,59221748,29151,34.303
6,2,593367570,8,4,8,65933,6,12,2,4,42188967,37655,26.556
4,3,1042660797,8,3,4,94252,10,29,15,2,52788552,27967,35.753
3,4,50675274,2,4,9,59947,13,30,25,1,108554659,20168,49.581
3,1,318862532,6,4,12,128241,10,5,8,3,112984121,22514,44.415
1,7,736000070,2,4,13,16055,11,2,30,6,92292190,17502,57.133
3,7,381459863,2,3,13,27641,6,16,17,8,72221617,21174,47.226
3,1,373146626,6,5,10,20542,7,17,4,2,53969512,26618,37.566
1,6,129254463,4,1,8,41920,6,25,32,2,37063260,21687,46.108
3,5,979204366,3,5,11,109457,10,22,32,5,82728486,23176,43.146
1,3,198330483,6,2,2,96724,16,18,22,5,97839285,23504,42.545
5,8,319545386,3,2,12,115566,4,18,7,4,79229316,25817,38.733
8,5,971139444,6,4,6,29040,14,15,7,5,89524971,29855,33.494
5,5,28874512,2,4,6,15625,16,20,23,1,74267430,25895,38.616
1,5,119638647,3,2,3,21652,12,21,22,6,108647911,26900,37.173
4,4,682500754,8,1,11,86060,10,19,25,1,129433906,24522,40.778
1,2,403227708,6,1,3,38038,4,19,27,4,46364548,26233,38.119
2,1,709448708,7,3,5,105550,3,23,6,2,58828671,26197,38.171
7,5,233155281,7,1,4,61447,15,31,32,2,62338836,29761,33.6
7,8,8751578,3,2,4,24774,3,8,15,2,121679450,30316,32.985
2,5,698605978,5,2,3,88422,9,18,7,3,126007741,30073,33.251
8,7,309807723,5,2,10,83091,4,3,25,5,117025736,31434,31.811
3,6,348890714,2,2,10,124825,14,28,24,4,117136984,31709,31.536
1,5,843751525,4,1,16,52085,16,7,32,1,91346183,25307,39.513
2,3,567612244,2,5,5,6254,10,16,29,7,81324550,33234,30.089
7,3,602044535,6,5,16,91000,12,2,19,4,105003695,33233,30.089
5,5,238972452,5,3,10,9672,3,17,24,7,86675154,28776,34.75
2,7,226311053,3,1,6,14686,6,19,31,7,48506793,34528,28.96
5,8,1049981260,3,1,2,9232,10,20,22,1,111003643,27992,35.723
5,7,869440213,8,1,11,71532,14,22,9,5,100115054,20868,47.917
1,6,832605431,4,3,6,92047,4,11,20,5,93313736,25417,39.342
1,5,1066514746,2,2,16,20802,6,27,12,6,90850993,24594,40.658
3,2,243500125,6,1,4,113535,6,3,16,8,126394430,22376,44.689
6,2,457871382,6,3,12,79865,13,4,3,6,117496930,30239,33.069
8,5,373903190,7,1,12,62972,10,2,3,5,69416484,32180,31.074
4,5,218681177,3,3,14,70282,10,9,15,7,47799913,37518,26.653
4,7,513147094,8,3,11,17236,13,17,12,1,106358770,29374,34.042
6,2,445870662,3,3,2,13912,8,29,21,5,80641603,30799,32.467
6,4,902002175,7,2,16,130203,14,23,21,2,103545097,30495,32.79
1,1,346798670,6,2,6,69380,9,24,10,1,103577159,31476,31.768
8,7,88651130,4,5,10,104350,9,12,32,3,46208487,31510,31.735
7,1,540205056,6,3,10,22156,8,25,10,2,126757474,30959,32.299
2,8,604406746,4,2,5,109528,15,12,22,8,113430648,32749,30.534
1,2,368837745,2,3,14,8969,3,6,5,8,131022300,27989,35.726
7,1,823871392,7,2,12,98471,8,10,12,7,100896231,32859,30.432
3,1,368800469,6,3,14,124754,5,14,3,4,75310184,21921,45.616
6,6,396609749,4,5,5,59613,14,2,28,1,93799258,24464,40.874
8,1,712466520,6,3,10,52785,5,4,16,2,53029472,24633,40.594
1,3,149120755,7,3,4,120881,9,12,16,8,45727688,24180,41.355
3,7,26027974,6,1,14,67055,6,24,8,8,82216430,26273,38.06
5,5,1039834332,8,2,11,45917,5,15,27,3,133852132,31269,31.979
3,8,464420476,8,2,12,125009,6,25,18,5,45305098,30263,33.043
8,4,1014872854,4,1,14,22673,16,28,19,3,64711280,34945,28.615
6,2,647892624,8,1,3,89318,11,3,30,4,77396922,25144,39.77
5,2,993532022,6,3,7,47324,2,26,11,3,68262809,28896,34.605
3,3,1047358283,2,1,10,43996,3,7,22,2,42549401,31342,31.905
7,7,124420341,5,3,15,80358,9,28,2,6,106031096,35451,28.207
1,2,314335963,7,2,9,90419,15,12,22,3,45480680,24354,41.06
1,2,260820919,3,3,15,13973,16,5,9,7,113647330,31295,31.952
2,1,469799570,6,5,11,49493,3,5,13,5,80927810,25922,38.575
8,8,75955564,2,5,13,72694,4,8,25,8,51383936,31087,32.166
4,6,235023603,3,2,14,72121,8,31,7,5,119849337,31865,31.381
6,5,400775777,4,5,13,44589,4,4,28,3,68514854,26000,38.461
8,2,1013956742,4,3,10,58822,12,22,25,3,73816832,33613,29.749
8,4,697563109,7,5,14,13534,14,17,19,6,98539927,37515,26.655
4,6,144563391,7,5,5,68798,5,4,14,6,45927642,30009,33.322
2,2,239795968,7,3,7,127395,3,5,15,2,80319814,32781,30.504
1,4,284160550,4,4,9,62939,8,19,24,8,45063804,33015,30.288
8,5,262794465,6,4,4,99632,10,12,13,4,44934107,25386,39.391
2,5,1060422398,8,5,6,58390,15,31,19,2,125430932,32328,30.931
2,3,238849977,6,5,5,11348,8,18,10,7,104823005,31870,31.376
7,2,445977670,4,3,10,23621,12,16,28,5,86583944,31780,31.465
4,8,1044085311,2,2,14,88842,15,13,16,6,55433466,28935,34.558
7,7,105579133,7,1,14,11623,16,10,32,5,78260264,30805,32.461
3,5,105975070,8,4,9,56317,9,27,4,7,56251049,29427,33.981
7,5,620400638,2,1,3,98251,9,10,31,3,117043550,25488,39.232
1,7,565034063,3,2,6,11455,10,21,10,1,53866607,28774,34.752
3,6,901451723,7,1,10,102897,6,32,20,6,73571790,30427,32.864
5,4,495989891,4,2,11,61020,12,6,30,2,94849240,30319,32.981
7,3,749432475,4,3,14,50083,16,16,26,2,131362095,33183,30.135
5,1,16127543,8,2,5,100729,8,28,24,8,55975039,31746,31.498
6,8,18416700,8,1,6,100699,13,22,27,6,104979647,24015,41.639
8,1,1070986979,6,4,6,31548,13,20,7,7,116412987,29385,34.029
3,2,265225557,4,3,11,29005,14,12,20,3,88524387,32073,31.178
3,1,199526840,4,5,12,96654,15,28,29,1,73437754,26311,38.006
4,1,127095645,6,3,6,53539,16,4,12,8,106701205,31229,32.02
3,6,794625405,7,2,11,105871,13,15,4,3,100722096,18302,54.637
6,5,387927029,7,4,11,63140,11,12,2,4,127679003,19582,51.066
7,3,153368483,8,5,14,131049,4,10,3,8,82759680,23860,41.91
3,4,77277467,8,5,7,64171,14,9,11,6,114492821,18671,53.556
7,7,802518773,2,2,2,29697,5,25,26,8,120159727,31483,31.762
7,5,505877680,4,5,11,107665,10,27,19,7,85856691,29607,33.775
7,5,521691801,8,2,10,38397,7,10,29,5,53626885,28590,34.976
4,1,519353123,6,4,7,58814,16,15,13,3,116977234,27882,35.864
2,7,613155079,7,4,3,23838,4,21,14,6,61861055,32953,30.345
8,5,697270537,2,5,14,87331,14,7,3,1,122729354,25293,39.535
3,2,1043989751,7,5,9,56308,14,8,7,5,77122905,31198,32.052
2,7,916964831,2,3,12,91096,11,7,21,8,52336761,33036,30.269
7,3,954703382,7,2,2,12045,14,7,19,8,42126474,31538,31.707
8,2,142681739,8,2,13,22793,11,10,15,2,102480944,22149,45.147
1,6,18165689,3,2,5,94964,16,28,17,8,97819832,24938,40.098
1,5,690998017,2,5,11,19046,5,26,19,5,39580703,30003,33.329
3,5,725383215,7,5,12,100501,5,20,30,5,60297756,33712,29.661
1,1,162725723,8,5,8,67483,2,19,7,1,103845171,25099,39.841
2,5,65523642,8,2,14,77661,5,5,30,6,106492729,34819,28.718
8,6,799912953,4,5,15,116856,11,16,21,3,47361452,25114,39.817
4,3,1016786587,8,5,7,120105,8,26,16,7,39139045,30814,32.452
4,7,5689613,8,4,14,35466,11,25,7,6,41110451,22473,44.496
3,8,861236269,6,2,9,39284,4,29,13,7,130472512,25784,38.782
5,6,581035778,2,4,7,4689,3,21,31,5,57251121,24063,41.556
6,7,207129624,3,1,2,28909,3,10,31,2,121320221,30275,33.03
6,7,953813093,7,4,10,122710,7,20,2,6,125882772,32732,30.55
8,7,536241257,7,2,12,46807,15,15,17,4,105170122,26114,38.292
3,3,326120114,2,4,4,126301,14,29,9,6,39700079,28957,34.532
5,8,581439177,6,1,5,99526,4,11,15,8,95312409,32089,31.162
4,4,189499963,2,3,6,6652,16,29,25,3,122341491,29245,34.192
5,8,950834390,3,1,16,34280,7,5,15,2,114729743,39213,25.501
2,5,816561411,6,2,15,61632,3,19,21,1,104218704,24532,40.761
7,6,1058550672,3,5,10,109757,15,21,28,7,112421790,33549,29.806
5,1,184017056,7,1,3,51734,3,18,17,7,81780403,31661,31.583
2,4,341024250,3,2,13,102685,9,21,30,5,33773813,24827,40.277
3,4,349882786,6,5,5,8391,7,30,11,7,87866035,27369,36.536
6,4,910217586,8,1,14,41037,2,27,32,4,103251189,29418,33.991
4,8,89127423,8,4,3,21603,6,10,25,8,122126700,33228,30.094
7,4,687670891,7,3,2,4229,3,9,5,4,41203417,29022,34.455
5,8,876837939,6,4,3,127967,11,22,4,8,44215744,36628,27.3
2,2,485526767,4,2,7,42049,13,6,15,4,83518486,21307,46.931
4,2,697297345,6,1,8,17769,12,19,19,1,67161281,30092,33.23
7,1,857884021,4,1,11,18955,9,8,5,2,65523260,31215,32.034
6,3,776715977,6,3,11,128202,4,28,3,7,108794790,36625,27.302
5,5,652818012,4,3,13,122009,10,25,21,3,48566883,23875,41.883
7,2,630048523,6,3,2,112555,2,18,30,4,93015121,40624,24.615
7,6,940119984,6,3,15,30755,3,19,32,4,116178069,26398,37.88
8,4,712192776,6,5,14,123241,10,24,14,3,114841027,30794,32.472
8,3,823807012,2,3,5,23223,11,7,6,1,35200319,34056,29.362
6,1,806379935,4,4,14,9382,11,16,13,7,57167953,23525,42.505
7,7,225016532,2,5,6,62769,11,17,13,4,56555850,37969,26.336
7,1,106745563,2,1,12,130381,14,28,29,4,36739651,22214,45.015
7,6,267893830,8,4,3,47545,13,20,28,8,107406411,36093,27.705
6,2,962215274,5,5,15,69106,12,12,19,5,130510192,26592,37.604
1,3,919154739,8,4,2,29307,3,3,4,1,40676565,30532,32.752
5,1,200686056,4,2,14,26848,4,8,22,8,53524551,21583,46.331
8,5,496438958,5,3,13,31078,4,17,29,3,79532432,25579,39.093
5,2,963689265,7,4,2,43503,16,15,15,4,117377969,25530,39.167
7,3,121249308,8,2,7,130508,12,12,31,1,91911371,29428,33.98
4,6,83516567,2,2,15,122867,3,2,7,7,100885267,35825,27.912
5,7,514080359,2,3,16,6689,8,11,8,4,132256374,30474,32.813
3,5,95053172,4,2,13,43525,11,27,29,7,128167363,33144,30.17
7,3,421395049,2,5,11,51997,5,14,6,7,59330104,33441,29.902
4,1,913039087,3,5,15,12160,4,7,31,8,110080255,25265,39.578
3,2,1069542513,8,4,4,126338,16,10,20,8,129566615,30107,33.213
8,1,941522910,3,2,16,89873,13,24,20,6,75081898,23505,42.542
4,1,921352036,5,3,14,6678,9,12,4,8,80171746,35149,28.449
8,6,823425848,4,3,16,71675,13,8,25,8,60843891,33086,30.223
7,8,872308765,5,1,14,120010,6,8,11,5,97527016,30793,32.473
7,7,86397602,5,5,2,115432,5,19,18,7,45609330,34208,29.232
8,5,846822846,2,2,13,124119,9,9,28,6,37401314,32062,31.188
8,2,600906381,2,5,15,107253,2,11,16,3,116597289,24436,40.922
3,3,20302526,3,2,3,55292,5,9,22,1,117360085,23500,42.551
7,5,843510300,2,4,2,42270,16,27,31,6,133109023,22840,43.78
5,8,180859909,2,3,11,64893,8,16,17,7,114797497,38476,25.989
8,2,836621645,2,3,5,98097,4,16,26,7,116605729,25151,39.759
2,6,304344082,6,5,11,77434,2,10,17,5,61863285,33432,29.91
8,7,466706423,6,5,3,107774,16,19,9,8,66367955,24806,40.311
5,8,670767786,2,3,16,76969,6,32,5,7,132731173,31556,31.688
7,1,238638634,3,4,2,97216,5,9,31,2,128120311,39532,25.295
2,3,267624161,2,4,3,33215,3,28,26,4,78092576,34213,29.227
2,3,452744254,6,5,7,72505,2,18,26,4,65363832,27177,36.795
7,3,539817149,3,4,5,78922,14,12,5,4,99364033,31006,32.25
4,7,261898041,4,3,13,9987,5,21,25,5,99817506,38375,26.058
6,4,107328920,2,5,6,109523,15,13,27,4,131192771,26843,37.252
4,7,277999504,7,4,2,25910,8,16,4,4,97560573,34399,29.069
1,8,32397144,8,2,4,106410,13,8,12,2,116909512,37568,26.617
2,4,928224568,3,3,10,117372,5,22,7,1,131801060,32738,30.545
3,2,180883564,7,2,8,59367,13,29,23,5,133505819,41257,24.237
2,1,800246922,4,1,11,54719,2,4,20,7,66408460,28467,35.127
2,5,57026239,4,1,15,74095,5,6,21,8,97887610,28382,35.232
1,7,412852732,3,3,5,122248,9,26,21,7,39807789,34905,28.648
8,8,661368115,3,2,6,83054,9,2,12,2,109828773,34074,29.346
6,1,290743053,8,4,4,41194,13,12,10,2,130892735,26353,37.945
3,8,69713093,6,5,7,94641,10,21,25,8,118527389,31654,31.59
2,6,555555811,5,4,14,94528,14,28,12,7,35714189,40406,24.748
3,4,510628246,2,2,10,45975,10,6,29,4,115536703,30235,33.073
8,1,774958445,2,3,7,68713,8,20,14,6,132933381,28624,34.934
1,4,197502683,3,5,15,124074,11,3,19,7,93931455,38653,25.87
5,2,481351979,8,4,4,119103,16,27,29,2,126154840,26128,38.272
1,6,241337555,5,1,14,12046,8,25,19,1,63019429,26935,37.125
8,1,952400483,6,5,11,14301,16,13,24,5,34644399,30340,32.958
2,4,67789695,2,2,7,7064,5,21,9,3,41161286,34083,29.339
5,3,843599192,4,1,16,76340,15,8,9,6,35087598,40752,24.538
3,6,107612035,6,5,15,89831,11,27,10,1,69489592,29007,34.473
6,2,709316653,4,2,11,101103,14,8,6,5,58837125,30447,32.842
1,4,533744221,5,1,3,127808,4,7,31,8,87855457,35059,28.523
6,1,45723827,5,2,5,68449,13,11,16,2,51659886,25370,39.416
2,5,727268866,5,3,16,77885,14,14,2,6,119974279,28802,34.718
3,7,258802225,5,5,4,34865,13,25,31,7,60742670,34256,29.191
6,2,764905657,2,4,8,54208,11,31,19,5,132333589,42206,23.692
8,8,921460179,7,4,13,68657,11,20,23,4,131085191,28650,34.902
3,4,688078016,6,3,11,21874,3,19,13,1,50425118,37293,26.813
6,4,138234362,8,2,12,64529,7,26,28,2,49762982,34184,29.252
8,1,901042283,4,4,3,70475,12,13,25,4,124746188,28523,35.058
4,4,1036141698,8,1,9,75553,14,21,29,8,89011164,30775,32.493
4,1,726551097,2,3,9,53578,7,20,29,2,114539050,26669,37.495
5,6,641981283,6,2,14,5488,15,19,2,8,76463969,30629,32.647
7,5,1042881289,7,5,10,71106,10,9,4,3,122039700,33191,30.128
4,7,354820624,7,1,5,45451,13,27,8,3,60550507,22704,44.042
5,3,990887910,3,1,14,97110,7,2,29,5,75351377,22902,43.661
5,3,225331588,2,1,16,113114,3,29,6,7,128350096,28804,34.716
8,5,869063551,5,4,11,33340,7,30,3,7,131944302,32708,30.572
1,6,104114977,8,4,15,103914,6,21,7,1,90443605,29465,33.937
3,3,479183803,5,5,9,9380,13,10,14,7,95896458,27627,36.196
6,4,858872964,5,1,13,74612,15,26,23,2,73146282,35981,27.791
2,4,918887123,2,3,11,106447,5,24,17,6,78451439,33327,30.005
2,1,435968250,5,4,12,28161,6,26,10,7,92821665,30549,32.733
6,8,889414023,3,1,10,99104,15,9,32,7,42564533,34853,28.691
5,6,990658679,3,3,16,59439,8,29,24,6,114934675,30867,32.395
4,1,771398437,4,2,14,104422,2,11,26,8,60725599,35948,27.817
2,6,696731523,3,5,6,80683,9,11,20,8,68254325,26796,37.318
1,6,955148039,4,4,3,53749,8,17,22,1,123059885,34329,29.129
2,2,151683885,5,2,2,92827,10,20,7,1,93909689,42260,23.662
1,4,236413249,4,1,7,75888,11,7,7,1,69449408,27285,36.649
4,3,890862692,6,5,13,93808,9,17,18,3,88505981,28276,35.364
4,5,526757288,8,5,5,70285,7,20,8,7,79020887,34654,28.856
1,5,852867561,4,3,7,52555,11,7,15,6,92708341,26226,38.128
1,5,860303432,2,4,15,76340,2,25,12,6,86824992,33975,29.433
7,4,181762152,5,3,5,100226,12,8,7,3,119820899,23893,41.852
8,1,278765145,4,3,11,29385,2,19,21,7,113290421,34475,29.006
5,1,317198539,3,5,5,76520,6,6,28,6,56545912,37385,26.747
1,8,366869074,4,4,13,35341,4,30,21,8,41983029,27720,36.073
1,6,102496188,7,3,16,51071,15,17,30,4,96468933,35783,27.945
7,6,942270036,6,3,3,5976,6,26,16,2,115624969,31008,32.248
3,6,243673205,5,1,11,7182,7,9,28,5,41443984,29764,33.596
1,7,323118366,5,3,7,98433,5,11,22,1,95791767,29029,34.447
6,6,519934847,2,4,16,63161,3,13,22,7,124921496,33797,29.587
7,4,176086240,5,1,10,59828,12,5,17,6,134011628,43944,22.755
5,1,626093868,6,5,8,123457,5,11,3,5,113354612,33668,29.7
5,8,1040740778,2,1,8,81358,12,23,19,8,91877351,31818,31.427
8,4,138259258,6,5,15,72147,10,19,12,8,95654732,38665,25.862
8,3,735650766,6,2,2,108055,13,9,18,4,44468140,29212,34.231
6,3,606243586,4,3,2,82340,9,24,11,2,38180179,33290,30.038
5,6,120385620,4,1,2,17544,2,7,16,4,61725681,27426,36.46
2,6,995692566,8,1,3,71685,16,2,28,2,111547411,32563,30.709
6,7,244403231,4,2,2,128913,12,22,15,5,51702114,32592,30.682
2,3,944806322,3,2,7,32237,14,13,24,8,93115571,30128,33.19
7,5,906898853,4,4,10,126145,14,14,14,3,85185306,36805,27.169
8,7,210587867,7,3,2,112631,7,24,5,4,34940619,36725,27.228
3,8,538233530,6,5,16,66013,10,8,9,3,124969772,27942,35.787
7,3,573640515,4,4,16,38313,10,6,11,2,62193662,33048,30.258
6,7,49814983,8,2,3,118773,10,19,22,8,81869385,33566,29.79
2,6,264607581,7,2,11,130749,12,21,31,2,75520554,27619,36.206
8,1,778768732,5,5,12,119953,2,17,19,6,67320167,28874,34.632
3,6,841132834,3,5,15,15908,8,22,2,3,60188513,39923,25.046
7,8,316413806,7,2,16,64039,2,28,9,8,99932199,29763,33.597
1,7,602422574,3,3,4,90208,12,6,26,4,73410513,26434,37.828
3,5,139287407,3,3,7,112200,8,6,9,5,99003701,26851,37.241
1,3,195931166,4,1,11,50416,5,2,27,3,65961963,34834,28.706
4,3,575916977,4,2,2,101805,14,31,25,5,34383284,24849,40.241
7,5,417367230,4,1,8,88199,2,25,13,1,63380746,33349,29.984
4,3,514778405,5,1,13,116801,12,24,7,3,110519277,41354,24.18
8,3,184740134,6,4,6,80638,8,4,23,2,80526706,20350,49.138
8,1,265379073,2,1,6,40040,5,31,4,4,115151314,39674,25.204
4,3,635354048,3,2,5,14033,8,18,15,1,63608368,28244,35.405
3,3,754209727,7,4,8,16140,5,4,30,1,64735647,34099,29.325
1,3,641014773,7,2,8,52741,6,3,29,3,59104849,33642,29.723
7,4,586096325,4,2,14,47501,12,23,25,6,113989083,25924,38.572
4,7,622533989,4,4,16,18272,4,31,25,4,76045316,30953,32.305
7,3,301699267,4,4,4,31290,4,24,15,6,129729372,35508,28.161
6,5,436159977,8,2,4,51091,12,7,14,4,68255921,29575,33.811
2,3,35407509,3,2,6,85986,13,12,10,5,102433977,38133,26.223
3,3,1035917118,7,3,10,44466,4,10,3,5,92937593,22430,44.582
1,7,181501762,3,1,8,74408,9,25,26,7,131753220,29550,33.84
4,2,605277102,2,2,11,63435,2,32,5,5,43147267,33623,29.74
4,3,809316397,6,5,4,94573,13,13,13,4,71254094,34560,28.934
1,4,208749966,4,1,2,78001,16,7,21,1,87852927,31640,31.604
7,8,477343413,7,5,2,16718,13,16,14,6,44581894,25969,38.506
2,3,547775792,6,4,8,29614,7,32,32,5,96324071,33515,29.836
7,4,101712415,4,2,6,55410,3,25,4,3,60258744,35034,28.543
3,5,374979603,4,3,9,42214,14,26,8,7,97584199,24275,41.193
1,5,171658168,3,5,10,44140,8,9,26,6,101310176,29307,34.12
4,5,922107826,3,3,12,61178,3,25,4,6,129601419,33434,29.908
3,4,953043333,6,3,5,63221,16,5,8,1,125141785,40494,24.694
4,4,907780009,5,1,3,89999,16,12,10,5,98472755,30549,32.733
3,6,970385500,5,1,12,83302,14,14,28,8,84881744,29140,34.316
8,5,850668034,6,1,2,62484,15,16,8,1,61141361,28685,34.86
6,7,62860793,7,4,9,50466,14,2,27,8,79691202,25140,39.775
7,4,1023917778,3,2,16,13307,2,31,24,1,108768060,30158,33.157
1,6,314091997,4,2,8,125528,13,6,6,7,113179877,34670,28.842
7,8,509556879,3,2,11,67909,13,21,7,3,89908875,38473,25.991
5,4,900473568,7,3,10,33151,3,15,29,6,129383980,30710,32.561
6,8,373383107,8,1,16,16335,4,3,10,5,76400366,23766,42.076
1,3,818250126,4,4,8,113410,2,17,15,5,118609303,25965,38.512
4,2,553211079,3,3,5,82629,7,27,11,1,81296982,31458,31.787
7,1,213192495,8,2,5,27618,2,25,12,3,122714270,27182,36.788
5,5,653542868,4,3,8,50236,11,28,16,1,90128506,31173,32.077
1,2,359381910,7,2,5,78050,7,15,14,3,91027194,22791,43.876
2,5,803290638,7,2,2,109086,8,14,16,3,60502543,18734,53.378
4,4,25661545,6,2,7,104107,16,2,20,8,86545049,21203,47.162
8,7,583065127,2,2,10,32206,12,14,29,6,54754445,17731,56.395
7,7,691021580,2,3,16,51050,4,4,16,2,91307295,21774,45.924
3,2,685056874,3,5,16,114832,5,19,31,7,116759304,22471,44.5
8,7,132272162,2,5,14,47960,10,22,10,2,130336863,24136,41.43
7,6,487043619,4,5,4,55502,8,24,6,7,106483365,27512,36.346
7,7,283762827,5,3,11,62767,4,16,17,2,55432111,27334,36.583
5,6,998470458,3,2,13,49191,11,31,29,1,58075534,25607,39.05
2,7,753573086,7,2,9,17955,14,29,6,2,124056160,30789,32.478
1,5,1041565465,5,5,8,85690,10,26,9,2,49395311,34621,28.882
6,4,276813626,3,2,16,22951,9,3,31,4,103702500,25737,38.853
5,8,389198316,4,3,2,11480,12,28,20,8,130076836,29380,34.035
6,4,418315270,5,5,9,45308,7,25,7,1,50035264,26407,37.868
1,6,986131815,5,1,3,79271,5,11,28,8,109860277,15911,62.846
2,3,232230847,5,4,4,19407,13,5,15,4,74278527,21116,47.354
7,3,259809075,4,4,3,88953,11,17,21,1,35984182,20643,48.441
6,5,212169745,5,1,9,85786,6,29,13,6,98868423,22069,45.31
5,4,606593805,2,5,15,37734,13,4,23,4,61086820,38385,26.051
6,7,28800657,8,5,11,29088,4,21,23,8,91715790,31870,31.375
4,1,444450972,2,4,15,14828,15,6,32,6,40503211,26392,37.889
8,1,976991364,4,1,8,127397,3,26,5,5,121385632,29477,33.924
8,8,339363959,5,2,7,128784,10,5,4,4,59722187,31300,31.948
8,1,517666796,2,1,10,39607,16,14,7,8,73136892,23257,42.996
1,8,222735659,4,4,16,35207,12,16,15,7,112159457,32959,30.34
1,2,873844339,4,2,10,73667,11,3,9,8,128534430,44849,22.296
2,5,398608970,6,4,7,100956,10,27,25,3,115210569,28705,34.835
2,4,450556513,4,2,9,94853,9,20,4,7,76079787,31501,31.744
2,5,665921438,6,1,7,22255,13,28,18,3,87842164,30782,32.485
8,8,983221963,6,4,2,99408,12,31,4,5,36654126,35734,27.983
3,6,593790905,3,5,14,56065,13,17,22,5,79759243,26591,37.606
5,1,279126754,2,2,3,10631,6,3,2,4,42952606,25765,38.811
7,5,140444086,6,5,16,106190,7,5,15,7,134126415,32863,30.428
7,5,295659703,4,5,13,8358,7,22,15,1,110764508,37604,26.592
8,3,863010345,7,5,16,36024,5,31,13,7,114193870,25394,39.377
3,1,610800546,6,2,14,25971,8,20,15,3,90168844,31114,32.139
2,4,881683819,2,5,10,40413,6,6,23,8,70923759,30740,32.53
3,3,312463280,7,4,3,73656,14,4,21,5,128566470,35547,28.13
5,3,900455184,7,4,4,115836,13,29,22,4,111847416,32123,31.129
4,2,239243651,4,2,12,35529,9,5,5,8,91976244,21234,47.092
4,4,1029351485,4,2,16,107321,4,29,15,6,73674475,36635,27.295
6,5,298790589,3,5,12,107126,2,5,19,1,46977421,25455,39.284
3,1,726312955,4,1,3,55167,8,26,28,8,76387026,29469,33.932
4,5,629775608,2,3,14,74127,9,4,13,1,124418775,30207,33.102
2,3,382426459,2,3,9,85993,16,27,8,5,114721926,34603,28.898
7,5,37312821,3,1,11,12027,6,30,21,7,41914710,37434,26.712
5,6,540963787,4,4,15,15875,9,26,21,8,103003664,25831,38.711
1,4,848592240,6,5,5,15300,9,12,14,4,42485601,33186,30.132
1,7,914845261,7,5,12,68591,10,28,3,8,45384146,32866,30.425
2,7,326882874,7,1,3,17248,2,22,17,4,73505041,23162,43.172
1,7,421841246,3,3,10,32164,14,21,11,2,112103768,27677,36.13
1,1,952036772,7,2,11,36703,7,19,3,7,64937835,33261,30.064
7,3,859407689,2,4,6,95345,7,14,25,8,98393854,39034,25.618
8,3,709189099,3,5,11,41811,5,24,10,8,94817462,18597,53.771
7,3,16712284,4,3,12,25199,8,24,32,8,66851553,30844,32.42
2,2,289724496,7,1,8,126278,7,25,3,4,41048700,33103,30.208
4,1,61424898,2,4,6,77338,3,11,23,6,66000041,30986,32.272
6,6,973748150,3,3,14,95059,4,15,29,5,117949226,25446,39.298
5,1,586521494,5,3,15,85489,2,2,10,2,103052552,34357,29.105
2,3,777483303,8,1,6,57308,10,18,9,2,98685379,25510,39.199
2,6,464287760,6,1,13,118596,6,10,31,3,37088245,35304,28.324
4,4,864109150,7,1,11,45120,16,25,14,4,61186573,23796,42.022
8,1,1018829054,7,1,12,130891,12,5,20,6,124980945,23742,42.118
7,2,25511880,5,3,11,59212,13,3,2,3,127631088,27010,37.021
8,6,696025307,7,1,13,107846,3,3,8,6,61617668,28084,35.605
8,1,296608795,5,2,16,127384,7,16,32,3,81368281,32682,30.597
2,2,442401557,6,3,8,60928,16,31,6,5,98083403,29424,33.984
4,8,705832397,5,1,4,34389,10,26,10,7,55151119,33382,29.955
5,6,422663835,2,1,8,13317,6,2,27,5,59828533,28592,34.974
3,7,752402566,7,5,15,89577,8,12,8,6,121075497,33830,29.558
2,5,105525591,7,3,6,37842,5,3,17,5,115421255,32093,31.158
7,1,809837889,6,4,13,66807,11,11,15,1,125028406,30206,33.104
2,3,586241834,2,3,6,48116,4,15,22,8,75810540,24998,40.002
8,5,175975002,6,2,6,110610,3,16,9,7,60500794,31530,31.714
6,4,232415686,7,2,16,128988,4,22,19,3,108993333,25817,38.732
5,1,735297440,7,4,7,115078,11,32,6,3,99524942,28718,34.82
4,7,688682389,5,5,14,122320,13,23,26,1,103334446,33550,29.805
8,2,196575988,7,4,7,24803,2,23,18,8,43981258,24147,41.411
6,6,1052738436,8,1,9,31865,6,26,21,7,112657072,28737,34.797
3,7,208678764,4,4,7,110883,5,21,5,7,67452221,32360,30.901
2,7,775516753,5,3,7,62587,7,3,25,6,82512455,27303,36.624
7,4,107637705,3,1,16,109963,11,25,16,4,93274159,23615,42.345
5,1,309321650,6,1,8,59902,3,16,32,8,85044981,33438,29.904
2,8,276537744,4,3,16,75041,12,3,4,4,101308760,35391,28.255
1,2,463108145,2,5,16,120931,14,10,6,1,111008998,24587,40.67
1,5,274469668,3,1,14,13664,9,18,32,2,51129900,25027,39.955
3,4,246264223,3,4,4,125152,5,32,19,4,35317975,28445,35.154
3,6,625223047,2,3,16,71007,7,15,16,4,106906706,32805,30.481
6,6,814289661,4,1,8,37414,11,13,26,5,58145455,35848,27.894
7,7,752776398,5,2,11,26990,3,23,14,3,51689723,24077,41.532
3,1,425292532,2,2,6,72474,14,12,27,1,73500400,24837,40.261
7,4,411527058,2,3,6,16101,15,28,25,3,85016235,33047,30.259
3,6,95931511,6,1,3,91963,13,7,31,4,110436604,33833,29.556
1,3,163050196,7,4,7,115658,13,14,11,7,85424044,23227,43.051
5,1,1045710850,6,1,2,87727,10,16,29,1,125593615,30368,32.928
4,6,772431565,4,2,7,51829,11,8,29,1,40121621,32915,30.381
7,3,999294318,6,5,5,47983,5,12,26,5,92853546,26015,38.438
2,5,141601713,2,2,5,107796,4,10,7,8,121238836,33389,29.949
7,2,653435173,3,4,2,86847,16,29,17,1,69422981,33194,30.125
8,4,414420169,6,2,7,103700,10,8,18,6,67169574,23977,41.705
8,7,147162857,2,4,10,96653,10,23,10,8,107647550,30704,32.567
1,2,150797697,4,4,8,71021,10,18,20,6,124879847,35923,27.836
6,8,1067649847,6,5,14,50298,9,15,32,8,62764642,25250,39.601
5,2,760645444,8,5,8,64503,3,13,27,4,87811893,26443,37.815
2,3,1027328870,7,3,13,70373,9,15,16,2,71101995,29702,33.667
4,1,1021532985,5,3,3,81380,14,15,11,4,40577278,32644,30.633
4,5,727058730,7,2,15,13212,6,29,13,8,85616896,35027,28.548
6,7,433971308,7,1,11,60388,11,5,4,4,62386666,22072,45.305
8,8,36684290,3,2,9,70793,11,29,14,6,68729067,29010,34.469
4,8,1063346192,5,3,3,62169,15,21,10,5,81190505,32879,30.413
1,5,335856505,5,4,14,91651,7,29,16,6,60087387,30768,32.5
2,3,964229402,8,2,12,115121,15,24,6,6,109769275,38263,26.134
8,6,171665862,5,2,2,71147,7,7,6,1,104662160,25681,38.937
3,5,378486947,6,4,6,36914,10,2,16,2,37022157,28510,35.073
8,5,930791381,7,5,13,22951,7,31,19,2,86558180,35303,28.325
2,6,796120075,7,4,13,118739,13,2,15,3,124603782,26945,37.112
2,8,805416007,7,1,10,86390,14,26,24,8,128505830,25175,39.72
1,6,418741945,7,3,5,50626,5,3,3,7,68795393,23592,42.386
7,7,674840295,5,3,5,89013,9,24,16,3,115812598,27577,36.261
2,1,906374627,2,4,13,73881,2,31,12,5,40385244,28561,35.012
4,7,747049101,7,3,14,19255,16,13,14,4,107149246,25643,38.995
1,4,118226804,5,3,6,28828,6,14,12,5,49308321,20724,48.251
8,7,231521849,3,1,2,8621,11,17,21,6,93130593,25714,38.887
8,4,583452566,8,5,4,53325,8,9,5,3,102140614,23082,43.321
2,6,76952738,2,5,10,56389,16,4,19,5,78939351,30141,33.176
6,7,881472071,7,5,15,42186,4,4,25,2,96816336,26164,38.218
7,4,763546407,8,3,13,23820,15,12,7,6,34111616,26249,38.094
1,2,423025919,7,1,3,39394,9,21,27,8,85973727,27082,36.923
8,8,1065602063,7,5,4,15442,12,6,3,1,105744299,27852,35.902
2,1,879979977,7,2,2,109705,15,19,16,4,91365167,29251,34.186
6,5,663360605,6,4,3,80741,12,4,10,6,121749469,28669,34.879
5,8,267555682,2,5,5,56169,8,3,19,2,85056436,26128,38.272
7,5,871457864,2,1,3,10441,9,29,2,1,41267875,21801,45.868
2,3,769593425,4,2,8,53353,2,9,32,6,89771361,22895,43.675
8,6,1031489215,7,3,13,42684,10,18,21,4,65008448,32617,30.658
5,6,14332494,5,5,12,84740,13,9,28,3,122456871,32719,30.562
2,5,401980948,6,1,2,104485,3,14,13,8,110208508,27716,36.078
1,2,78918324,4,5,8,66270,6,22,32,4,62764742,34369,29.094
6,4,703865097,2,2,16,6146,15,17,21,7,61022450,24586,40.672
3,7,298174061,4,4,14,79150,11,31,31,1,125107559,28191,35.47
6,2,196950821,5,4,6,77339,9,8,19,6,90431998,34613,28.89
7,7,302677172,2,4,14,66997,12,29,10,3,72477517,30975,32.283
1,8,722605759,3,3,12,99431,5,18,12,2,72343478,27496,36.368
7,5,1056526417,7,3,12,48594,3,17,18,5,124865632,37789,26.461
2,3,982364510,8,5,16,11932,15,17,5,1,118453819,29815,33.539
7,5,754362371,6,4,16,89387,15,10,14,6,38442066,30054,33.272
2,7,78526219,3,4,6,51794,7,32,21,7,37026584,34785,28.747
4,1,376410306,2,5,2,84161,15,3,11,3,107641741,23256,42.997
5,5,951057314,8,5,12,55291,10,30,18,3,46483533,31672,31.572
3,7,511352030,4,4,7,99984,4,15,28,5,127970873,30352,32.945
3,4,1069074664,6,3,14,6432,15,3,7,1,46068057,30059,33.266
7,4,442387321,2,3,9,21792,5,19,10,6,33582093,33967,29.439
1,6,301135327,2,4,9,37079,10,20,25,3,103224743,31829,31.416
2,4,259200369,4,5,7,59497,3,20,15,3,106543117,37511,26.658
5,8,969500686,3,5,14,4299,3,10,24,1,67260191,26209,38.153
6,2,120607085,4,4,11,126707,12,2,9,3,79183601,30629,32.646
5,7,14834154,6,4,15,93831,9,23,6,3,71399086,24569,40.701
1,6,935483471,5,2,4,107750,8,7,2,4,95226706,31406,31.84
5,5,452066081,6,5,12,119349,9,13,10,6,92678405,26628,37.553
7,5,559967698,7,2,3,100921,16,16,30,4,60515562,29938,33.402
8,1,650603938,6,2,14,79281,16,4,32,1,53141981,37084,26.965
7,2,100884725,4,5,16,101443,7,9,12,5,65068273,20628,48.476
7,8,11639399,5,3,8,25835,12,17,2,3,85295176,25640,39.0
5,3,503468138,5,2,10,77453,6,27,32,7,89415872,35054,28.526
7,4,998231352,7,1,11,21021,7,22,12,3,74639302,33173,30.143
1,4,310244182,3,2,7,16525,10,19,12,5,124074102,19340,51.704
2,2,860913675,8,4,12,125745,14,17,18,1,106011275,31135,32.117
4,1,876519484,8,4,7,74981,8,22,11,5,56741674,30591,32.688
3,4,584506955,8,2,16,82281,7,17,24,5,81775094,29717,33.649
6,3,385285253,6,1,15,93054,13,16,10,1,87317991,32851,30.439
7,7,392167187,4,4,7,59483,14,30,8,7,51639243,28169,35.498
4,6,1020446626,8,5,10,38697,13,16,8,7,62510819,30289,33.013
7,3,538381958,3,5,5,34027,8,22,19,8,120683461,18835,53.091
1,8,711282838,6,2,15,86841,12,3,11,7,72800275,30302,32.999
2,7,910660340,8,2,3,37249,2,29,23,3,118503673,26712,37.434
4,3,330579835,5,5,12,104896,10,29,23,6,114727429,23227,43.051
3,1,320190490,2,2,15,5689,8,24,16,8,89762351,25321,39.491
7,2,19375447,4,5,12,50514,7,18,15,1,50843379,31376,31.87
7,6,509404767,8,5,16,85952,2,31,2,4,120219973,20297,49.266
3,2,289233789,4,4,16,60054,13,5,8,1,59171531,27400,36.494
6,3,728938665,4,1,7,117482,7,30,16,8,125277973,36236,27.596
2,7,295159767,4,2,5,26749,7,20,21,8,82849295,32191,31.063
4,2,92918251,8,4,11,130151,11,15,6,7,75798321,23559,42.445
7,4,296018341,6,4,10,54570,12,18,20,4,48023097,31440,31.805
7,6,351043652,8,1,7,54752,12,25,15,1,61763555,34234,29.209
7,3,417293094,4,2,4,102326,4,21,7,5,122221112,24449,40.9
5,8,325364279,6,3,2,69245,8,17,28,2,55059656,30575,32.705
7,2,21721291,2,5,5,7175,14,28,30,2,43588685,33576,29.782
4,6,588646117,3,3,3,20319,7,5,3,4,47929321,22756,43.943
2,1,567926373,8,3,11,42181,16,28,29,7,131456882,26070,38.358
1,8,179295601,4,3,3,55310,8,30,20,6,34510690,30733,32.537
5,2,808030564,6,2,14,102050,13,2,4,4,77483223,31906,31.34
1,1,238523139,4,2,6,86838,3,13,31,6,132938397,25013,39.977
3,7,621320255,4,5,10,24522,11,17,14,3,40348410,35790,27.939
8,5,760859147,2,1,9,59093,6,25,16,4,35824539,24681,40.515
6,3,208584260,5,3,4,94361,10,9,31,2,91946472,24197,41.326
5,1,189080626,3,5,12,10538,16,25,24,4,124557647,30144,33.173
1,4,523677886,3,5,3,43362,16,31,26,1,34690392,29311,34.115
4,6,737115657,5,5,2,33609,11,8,25,6,123500919,31468,31.777
1,3,384781684,7,3,8,4835,15,9,3,6,56117572,25532,39.164
4,2,66104210,3,3,7,25707,2,6,20,2,70933301,32669,30.608
5,6,866158028,2,2,5,81554,14,27,13,3,47170217,33770,29.611
1,5,20758919,6,3,2,122794,7,29,5,7,80236719,23590,42.389
6,3,856962855,8,3,12,36549,8,15,14,7,57893416,27186,36.782
1,2,109623797,7,5,12,54795,6,27,12,2,33840557,32378,30.884
2,5,899682513,8,3,3,32180,13,10,24,4,119018580,33825,29.562
8,5,182577151,8,3,8,126114,2,9,10,3,46633630,30681,32.592
7,5,62509186,2,5,9,121998,13,30,14,4,121589269,38110,26.238
8,6,852515222,6,2,13,113475,2,25,8,6,54368149,26382,37.904
7,3,1057831223,8,3,2,98125,8,17,31,5,48909641,23527,42.504
3,2,648087016,6,1,15,17288,15,24,8,5,123529350,28097,35.59
5,5,1025895112,5,2,6,81303,6,30,10,7,99276287,32622,30.653
8,5,6714386,3,3,2,103788,2,18,21,8,52620683,25306,39.515
2,3,442908104,3,4,4,7953,11,17,11,6,128078457,23789,42.034
5,4,29802411,3,5,6,117842,2,10,10,3,65387193,31744,31.5
2,6,13089219,6,5,2,115523,14,20,26,7,65154625,31812,31.433
6,7,341191349,4,5,9,37075,9,10,28,3,133592679,24136,41.43
8,4,538624590,3,1,8,5770,12,9,7,4,78268573,28833,34.681
6,6,335357720,6,5,7,21003,16,22,19,1,44692185,26707,37.442
8,6,37668851,4,2,16,10452,14,3,12,1,57209137,36022,27.759
6,3,792871430,6,5,10,75853,12,16,2,4,35624940,28122,35.559
7,1,757410251,3,4,7,36717,13,12,23,4,94206857,40098,24.937
6,1,1014321357,3,1,14,6729,10,32,14,8,47660988,26377,37.91
5,4,463659646,5,4,6,46939,5,19,9,2,91651556,30062,33.263
8,4,194140779,7,4,2,89255,7,20,28,1,104084053,31575,31.67
4,3,98176726,4,4,9,122849,2,2,10,6,50966744,31802,31.444
8,2,643617822,3,5,5,75776,2,30,3,6,74179078,22637,44.173
3,1,651566510,6,3,2,45830,8,9,12,2,51615448,17958,55.683
7,2,643380088,8,3,6,125445,8,28,8,7,92584261,30389,32.905
7,4,49285796,4,4,13,16565,10,9,14,5,71375337,28798,34.724
7,6,692684242,6,4,10,35602,9,22,30,4,51449812,29605,33.776
7,2,63071612,5,5,16,66629,5,21,30,8,51721590,30522,32.762
1,1,731878172,5,4,5,27974,6,10,17,4,124203897,36485,27.407
1,3,432843350,2,5,3,12377,7,32,6,4,74560803,25466,39.266
8,5,452031708,4,4,3,108784,13,4,9,1,41990151,38093,26.25
8,3,171986366,6,1,9,63006,4,19,13,7,41803658,28399,35.21
1,2,596787442,2,1,5,124405,4,22,3,3,89810101,34358,29.104
6,2,126798690,6,3,9,101347,14,5,22,6,73147973,22792,43.874
3,2,312273783,7,3,11,130496,9,4,22,1,106954439,27457,36.419
6,6,1017938023,4,5,11,119343,11,3,16,1,98995771,24225,41.277
1,8,952512765,8,3,11,47131,9,27,15,2,43656101,24984,40.023
4,3,709869564,2,5,4,106521,16,28,24,8,97422905,31737,31.508
5,6,1001940166,3,1,2,93941,15,18,4,7,113463600,35479,28.184
7,5,554342678,5,3,14,29504,8,3,2,8,99369767,24155,41.398
8,7,221372975,8,3,6,82967,13,27,32,4,88550655,28725,34.812
1,6,444007303,4,1,5,50573,7,6,21,4,66724607,29387,34.028
3,7,617330664,7,3,13,123540,6,16,4,1,81551608,22743,43.968
7,7,387202961,5,4,4,116855,2,18,27,5,119111534,21989,45.475
1,2,463218253,4,4,12,23382,15,20,13,3,42521475,21029,47.552
5,5,714572049,6,2,12,30942,4,19,18,1,58550067,15188,65.839
2,7,644841330,5,2,9,46492,12,32,5,6,85677782,15438,64.77
8,6,629018623,7,4,2,47597,14,24,5,4,49836169,19934,50.163
5,5,122361066,8,5,3,40542,12,6,11,1,45983923,20950,47.73
5,3,590353080,8,4,5,119051,12,4,2,4,117085898,35042,28.536
3,7,429448320,4,5,11,77789,2,13,10,4,49612814,34612,28.891
8,8,155327715,3,5,10,99036,3,26,28,3,74815394,28936,34.558
3,6,858896916,2,4,3,39113,4,12,10,5,125441381,33031,30.273
2,3,721408181,8,4,5,121158,7,8,17,8,47552361,29459,33.944
8,4,70693365,6,5,9,56720,7,10,9,5,92772254,39231,25.489
8,4,134438107,5,2,12,32836,9,11,22,2,42882854,21702,46.077
1,2,964422035,6,4,12,52477,6,26,7,7,132698380,29611,33.771
4,8,394370909,7,4,6,103952,14,21,4,2,50047716,34507,28.979
3,3,579027996,5,2,5,70456,2,28,10,2,82607711,23557,42.448
1,6,249244268,3,3,13,74207,14,6,16,7,43964388,27334,36.584
3,4,865693731,5,5,2,74328,15,14,22,6,97440437,31343,31.904
1,2,21310551,8,3,5,58651,16,26,14,1,68027776,26973,37.073
5,8,14054026,6,2,16,64357,10,32,16,3,48435648,32207,31.048
6,7,273946069,4,4,2,50803,13,18,7,8,50962335,29479,33.921
8,5,822311507,3,2,12,110456,5,15,22,1,98550411,37185,26.892
1,5,673245878,4,1,15,99256,7,28,32,8,55823946,24207,41.308
2,6,455503580,6,4,7,37634,11,25,32,6,57613868,29925,33.415
5,5,882521582,4,5,4,85633,13,10,9,8,47389380,31493,31.751
6,3,40469673,3,5,9,52298,6,21,12,3,90017742,32284,30.974
8,7,239087497,6,1,3,56729,12,20,19,5,47462245,27673,36.134
8,5,582886062,6,5,4,107177,2,2,25,5,65109147,31696,31.548
7,3,216944302,5,4,4,12313,11,26,12,6,74955247,35286,28.339
3,8,43618142,4,5,15,60810,9,31,9,1,109307031,33229,30.093
8,6,419287452,3,4,12,124772,13,15,27,7,109272354,22538,44.367
1,1,870868174,8,1,15,61718,4,31,30,4,113795460,25265,39.579
7,3,849792661,5,3,6,122330,7,18,19,1,51851357,30576,32.704
6,4,872638624,7,1,9,115778,9,20,18,2,70869741,37040,26.996
8,2,954172558,3,3,11,128558,9,15,27,7,122354457,25451,39.288
2,3,997659305,7,3,11,92609,7,26,17,4,75531575,35415,28.235
7,7,924618157,5,5,14,108465,11,31,17,8,61090648,23648,42.285
4,7,411929422,8,3,15,56270,5,24,26,2,132196942,29012,34.467
7,8,1061718550,6,3,8,122222,4,14,32,8,132122258,31360,31.886
3,7,701282019,6,2,14,93908,5,18,20,1,117253559,30266,33.039
6,6,1016399992,6,4,10,87773,10,17,8,8,132931602,37559,26.623
8,1,1007205752,4,3,13,63165,7,4,5,8,43810533,28813,34.705
4,3,196810443,7,4,15,59317,3,9,22,3,99991974,20647,48.431
6,2,1005470680,5,5,10,24696,3,3,32,3,50270577,31223,32.025
7,2,180705632,2,5,16,29219,12,30,28,8,122662676,24466,40.872
5,4,422494258,5,3,2,119971,7,31,32,1,59993972,26542,37.674
2,6,311864426,4,5,8,127772,2,4,15,1,56486702,32177,31.077
3,7,845775093,5,5,16,57371,3,4,5,2,52803829,33832,29.556
7,2,934639530,5,2,10,36502,14,21,31,8,110624728,27806,35.961
6,1,802626096,3,1,6,81994,13,5,19,8,42312389,25279,39.556
7,2,549639651,5,1,12,93378,8,13,6,5,85082087,28232,35.42
2,1,819292125,7,3,7,44764,12,32,32,6,124654809,29023,34.454
3,1,389944694,2,1,13,44330,11,31,26,4,50972513,28464,35.13
5,2,944105457,3,2,11,48133,16,21,10,8,33560825,23193,43.115
1,1,873391915,5,3,14,37599,13,29,3,3,76985389,29627,33.751
4,3,593159094,5,2,10,77398,9,2,32,1,81306834,30515,32.768
1,1,757822041,3,5,13,10890,7,4,26,7,61682733,31006,32.25
6,1,850261527,2,2,16,6847,6,19,22,1,98880544,27600,36.23
1,4,1014038953,6,5,11,73330,5,5,21,4,76229045,31683,31.562
1,4,603054949,2,3,11,5903,13,18,14,8,48349626,27823,35.939
6,8,883345846,6,1,16,45380,9,3,4,3,86325843,30965,32.293
7,6,879412057,6,1,13,119575,2,24,6,2,102852813,30351,32.946
5,7,469247186,7,3,16,82975,9,29,7,8,59044191,36629,27.3
8,5,376192915,4,3,3,66142,5,10,30,2,116378380,24549,40.734
8,7,822390108,5,4,16,9348,5,15,25,6,60286524,32246,31.01
5,6,47434902,8,1,4,109950,12,2,16,3,129547437,19145,52.232
5,8,392616845,5,4,7,53867,9,13,12,1,44956893,26626,37.555
3,7,102421563,7,3,15,28498,15,8,24,4,38628242,31129,32.122
6,6,334975715,5,2,14,44552,2,29,21,5,126950150,33597,29.763
4,7,387111987,2,4,6,7869,2,15,10,2,56006582,26793,37.322
3,6,457000276,4,1,15,106068,7,3,27,6,44995604,30188,33.125
5,4,574714111,8,4,16,110882,2,22,10,7,114137803,25942,38.546
7,2,1052653263,2,2,13,86109,10,21,17,7,52272935,31671,31.573
8,2,313822897,5,2,4,51510,8,2,13,3,73329712,29942,33.396
1,2,82577299,6,2,11,128241,16,32,18,2,103731306,25563,39.117
7,6,189058982,7,3,7,71263,15,22,6,1,72037511,32085,31.166
7,4,762369571,8,5,5,62196,2,23,21,2,66322664,33128,30.185
2,1,308307289,6,5,5,28543,3,2,22,5,121572239,27474,36.397
5,1,1016736737,5,5,6,128733,14,7,27,4,71087469,39440,25.354
3,7,412078137,3,2,5,51861,3,20,16,2,62747358,25464,39.27
8,1,724513124,4,1,5,77372,13,11,7,8,51812713,27398,36.497
5,8,1027638717,3,4,11,72932,3,17,6,1,80594113,31778,31.467
1,7,808780530,2,4,16,120009,13,21,2,7,56779936,31986,31.262
4,2,967315936,3,1,10,107179,9,12,13,5,119012194,31340,31.906
2,6,976512794,7,4,12,43470,8,14,22,1,90415074,19402,51.539
4,4,10992519,2,2,5,31325,16,30,29,2,122872407,28398,35.213
1,3,895172195,8,5,7,115620,11,10,11,3,48799263,28630,34.927
5,2,322205743,3,1,3,104815,7,10,31,1,47747531,34088,29.335
8,3,269423144,4,1,9,67078,11,5,18,7,125467903,41708,23.975
7,2,142585792,8,1,10,67991,10,4,4,7,75204589,35394,28.252
4,2,814610898,3,4,9,74022,6,32,10,8,91097421,39664,25.211
8,3,340121039,3,2,12,106009,3,25,19,5,51368272,35976,27.796
4,1,758504186,6,5,8,76791,7,30,2,6,126731193,32355,30.906
2,6,263352141,2,2,8,76707,6,27,4,6,63525258,50098,19.96
1,5,635298540,2,5,8,85051,16,11,18,3,72783002,46295,21.599
2,2,761100982,4,1,8,115340,10,6,12,3,121616372,36023,27.759
4,3,872658121,7,1,14,51050,8,17,16,3,86092719,33138,30.175
3,2,384797473,2,3,4,78925,6,19,17,4,83216780,29200,34.245
2,5,733048419,5,2,10,82782,6,23,31,6,109711386,35090,28.497
5,5,737332875,5,1,9,114629,16,9,19,5,106361890,35287,28.338
5,3,606320253,7,2,12,116271,2,19,14,6,39870376,32830,30.459
4,5,268982381,5,5,6,10837,7,18,20,5,71960448,50035,19.985
7,2,838443782,7,1,3,23080,8,4,32,1,99032463,43023,23.242
2,2,936078626,6,4,4,6057,14,18,16,1,40516916,36251,27.584
5,7,525686528,3,5,4,13530,7,22,8,7,127659152,41615,24.029
2,1,260929281,2,3,4,86266,16,13,13,6,106543863,31502,31.743
2,7,723767902,7,1,2,31587,16,5,14,6,94124205,34124,29.303
3,1,409556596,4,1,11,12783,8,20,32,1,124347147,33259,30.066
8,4,646983072,6,3,6,101179,5,25,16,3,61817508,24666,40.54
6,2,1015767528,5,4,2,102391,2,14,8,3,46232191,32863,30.428
1,8,690982209,8,3,6,88029,6,19,31,2,100603447,36587,27.332
6,4,176225106,8,3,12,84947,4,21,15,5,56483219,39918,25.05
4,1,326090335,2,2,16,36014,14,19,31,1,55178664,34838,28.703
7,7,13763681,6,5,6,33336,15,32,16,8,81838161,24203,41.316
1,7,535993257,6,3,6,80898,16,23,2,3,57109880,19673,50.828
1,5,293429134,6,4,5,36605,13,27,18,1,130381543,16522,60.522
3,4,523635607,8,4,8,67044,14,25,8,4,79874635,13139,76.105
4,1,523658107,8,3,3,10577,12,17,8,6,37463097,20104,49.74
3,8,991344710,5,1,16,86539,5,30,29,1,82018984,20712,48.28
3,7,1044615791,4,2,5,51908,6,29,3,4,100550047,5692,175.667
4,4,588871537,5,4,7,79064,8,22,16,3,114817884,7070,141.436
6,1,276883873,7,3,9,98924,2,5,26,4,41849077,17853,56.009
2,1,30640242,5,1,8,118785,7,17,15,6,68849157,54834,18.236
2,5,629388421,2,2,15,58867,15,13,18,6,35142240,55516,18.012
1,7,511552522,7,1,6,42961,16,7,23,3,77771647,38979,25.654
3,8,384494854,2,2,2,22481,4,16,6,4,118543525,48795,20.493
2,3,329729639,5,1,12,49599,10,4,16,3,86736259,40875,24.464
6,3,297107907,2,4,16,112651,4,4,18,7,38330885,29647,33.729
4,6,345012641,8,4,3,8928,5,3,14,6,116495262,36665,27.272
6,5,137178485,7,5,13,101708,8,4,7,3,107460679,37584,26.606
6,8,917330736,2,3,9,98830,10,24,31,2,57256467,42514,23.521
